SEMA3F,PLXNA3
SEMA3F,PLXNA1
SEMA3F,NRP1
SEMA3F,NRP2
CX3CL1,CX3CR1
HEBP1,ADRA2A
HEBP1,MTNR1A
HEBP1,FPR3
HEBP1,GRM7
DCN,EGFR
DCN,MET
DCN,ERBB4
GRN,TNFRSF1A
GRN,SORT1
GRN,TNFRSF1B
GRN,CLEC4M
GRN,EGFR
UTS2,UTS2R
ICAM3,ITGAL
ICAM3,CLEC4M
ICAM3,ITGB2
ICAM3,CD209
ICAM3,ITGAD
CEACAM1,CD209
CEACAM1,SELE
CEACAM1,EGFR
PRLH,PRLHR
FGF4,FGFR2
FGF4,FGFR4
FGF4,FGFR1
FGF4,FGFR3
FGF4,NRP1
ST6GAL1,EGFR
ST6GAL1,CD22
NTN1,UNC5D
NTN1,UNC5B
NTN1,DCC
NTN1,UNC5A
NTN1,ADORA2B
NTN1,UNC5C
NTN1,NEO1
SCT,PTH1R
SCT,ADCYAP1R1
SCT,RAMP2
SCT,VIPR1
SCT,RAMP3
SCT,GPR20
SCT,ADRB2
SCT,VIPR2
SCT,ADRB3
SCT,TSHR
SCT,GPR84
SCT,SCTR
FGF20,FGFR3
FGF20,FGFR1
FGF20,FGFR4
FGF20,FGFR2
CEACAM6,EGFR
THPO,MPL
EFNB1,EPHB6
EFNB1,EPHB4
EFNB1,ERBB2
EFNB1,EPHB1
EFNB1,EPHB3
EFNB1,EPHB2
EFNB1,EPHA4
EFNB1,EPHA6
DLL3,NOTCH1
DLL3,NOTCH4
DLL3,NOTCH2
DLL3,NOTCH3
SEMA4G,PLXNB2
VCL,ITGB5
VCL,ALK
EFNA2,EPHA7
EFNA2,EPHA10
EFNA2,EPHA3
EFNA2,EPHA1
EFNA2,EPHA6
EFNA2,EPHA4
EFNA2,EPHA5
EFNA2,EPHA2
EFNA2,EPHA8
FGF22,FGFR2
FGF22,FGFR1
MADCAM1,ITGA4
MADCAM1,CD44
MADCAM1,ITGB7
MIF,CXCR4
MIF,CXCR2
MIF,CD44
MIF,EGFR
MIF,CD74
OSM,LIFR
OSM,IL6ST
OSM,OSMR
TCN2,LRP2
TCN2,CNR1
LGALS1,ITGB1
LGALS1,PTPRC
NID2,COL13A1
GZMB,IGF2R
GZMB,CHRM3
RSPO4,LGR6
RSPO4,LGR4
RSPO4,LGR5
OXT,AVPR2
OXT,AVPR1B
OXT,AVPR1A
OXT,OXTR
F9,LRP1
PCSK1N,GPR171
TIMP1,CD63
TIMP1,FGFR2
MMP2,FGFR1
MMP2,PECAM1
MMP2,CCR2
MMP2,SDC2
CCL22,CCR4
CCL22,DPP4
CCL22,ACKR2
CCL17,ACKR2
CCL17,ACKR1
CCL17,CCR4
CCL17,CCR8
TG,TPO
TG,ASGR1
TG,LRP2
SFRP1,FZD2
SFRP1,FZD6
PLAT,ITGAM
PLAT,LRP1
PLAT,ITGB2
DKK4,LRP6
DKK4,LRP5
LHB,LHCGR
LHB,RAMP3
LHB,RAMP2
LHB,VIPR1
LHB,ADCYAP1R1
LHB,PTH1R
LHB,GPR84
LHB,ADRB3
LHB,TSHR
LHB,ADRB2
LHB,GPR20
AMH,EGFR
AMH,ACVR1
AMH,AMHR2
RETN,GPR25
EBI3,IL27RA
EBI3,IL6ST
TGFB1,CXCR4
TGFB1,ITGB1
TGFB1,ITGB5
TGFB1,EGFR
TGFB1,ENG
TGFB1,SMAD3
TGFB1,TGFBR2
TGFB1,ITGB3
TGFB1,TGFBR1
TGFB1,ITGB6
TGFB1,ACVRL1
TGFB1,ITGAV
TGFB1,CAV1
TGFB1,ITGB8
TGFB1,SDC2
TGFB1,TGFBR3
ICAM5,ITGAL
ICAM5,ITGB2
CEACAM5,CD1D
COMP,CD36
COMP,ITGB3
COMP,ITGB1
HGF,ITGB1
HGF,CD44
HGF,MET
HGF,NRP1
HGF,SDC2
HGF,SDC1
HGF,ST14
LAMB1,ITGA7
LAMB1,ITGA6
LAMB1,ITGA1
LAMB1,ITGA2
LAMB1,ITGAV
LAMB1,ITGB1
LAMB1,ITGB4
LAMB1,ITGA3
WNT16,FZD6
NAMPT,ADORA2A
PON2,HTR2A
NPVF,NPFFR1
NPVF,NPFFR2
PDAP1,PDGFRB
SERPINE1,PLAUR
SERPINE1,ITGAV
SERPINE1,LRP1
SERPINE1,LRP2
SERPINE1,ITGB5
C5,ADRA2A
C5,GRM7
C5,MTNR1A
C5,C5AR2
C5,C5AR1
TNFSF8,TNFRSF8
RLN1,RXFP2
RLN1,RXFP1
CSF3,CSF1R
CSF3,CSF3R
WNT3,RYK
WNT3,ROR2
WNT3,FZD1
WNT3,FZD7
WNT3,FZD8
WNT3,FZD5
WNT3,LRP6
CCL2,CCR4
CCL2,ACKR1
CCL2,ACKR2
CCL2,CCR1
CCL2,CCR5
CCL2,CCR10
CCL2,CCR3
CCL2,ACKR4
CCL2,CCR2
CCL1,CCR8
CCL13,ACKR2
CCL13,ACKR1
CCL13,ACKR4
CCL13,CXCR3
CCL13,CCR9
CCL13,CCR3
CCL13,CCR5
CCL13,CCR1
CCL13,CCR2
COL1A1,ITGB1
COL1A1,CD44
COL1A1,ITGA5
COL1A1,CD93
COL1A1,FLT4
COL1A1,DDR2
COL1A1,ITGA11
COL1A1,TMPRSS6
COL1A1,ITGA2
COL1A1,ITGA1
COL1A1,ITGAV
COL1A1,CD36
COL1A1,DDR1
EFNB3,RHBDL2
EFNB3,EPHA4
EFNB3,EPHB2
EFNB3,EPHB1
EFNB3,EPHB3
EFNB3,EPHB4
EFNB3,EPHB6
VTN,ITGB5
VTN,ITGB1
VTN,ITGA8
VTN,CD47
VTN,KDR
VTN,ITGA2B
VTN,TNFRSF11B
VTN,PVR
VTN,ITGB8
VTN,ITGAV
VTN,ITGB6
VTN,ITGB3
VTN,PLAUR
VTN,ITGA5
VTN,ITGA3
IBSP,ITGB3
IBSP,ITGAV
CXCL6,ACKR1
CXCL6,CXCR1
CXCL6,CXCR2
CXCL6,MTNR1A
CXCL6,GRM7
CXCL6,ADRA2A
IL2,IL2RA
IL2,IL2RG
IL2,CD53
IL2,IL2RB
IL2,NGFR
APOC3,LDLR
APOC3,TLR2
APOC3,SDC2
APOC3,LRP2
APOC3,LRP1
KITLG,KIT
KITLG,EPOR
CLEC2B,KLRF1
SELPLG,ESAM
SELPLG,SELL
SELPLG,SELP
SELPLG,ITGAM
SELPLG,ITGB2
SELPLG,SELE
IL23A,IL12RB1
IL23A,IL12RB2
IL23A,IL23R
FGF6,SDC4
FGF6,FGFR2
FGF6,FGFR1
FGF6,FGFR4
FGF6,FGFR3
IL26,IL10RB
IL26,IL20RA
IFNG,IFNGR2
IFNG,IFNGR1
GNB3,GABBR2
GNB3,TGFBR1
ULBP1,KLRK1
LAMA4,ITGAV
LAMA4,ITGA6
LAMA4,ITGB1
LAMA4,ITGA3
HBEGF,CD82
HBEGF,CD44
HBEGF,ERBB2
HBEGF,EGFR
HBEGF,ERBB4
HBEGF,CD9
HBEGF,PRLR
IL12B,IL12RB2
IL12B,IL23R
IL12B,IL12RB1
IL4,CD53
IL4,IL2RG
IL4,IL13RA2
IL4,IL13RA1
IL4,IL4R
IL5,CSF2RB
IL5,IL5RA
SEMA3G,NRP2
LTF,LRP1
LTF,TFRC
HRG,FCGR1A
HRG,ERBB3
HRG,ERBB2
TFPI,LRP1
TFPI,F3
TFPI,VLDLR
TFPI,SDC4
APOB,LDLR
APOB,VLDLR
APOB,OLR1
APOB,CALCR
APOB,MTTP
APOB,LSR
APOB,TLR6
APOB,LRP8
APOB,TLR4
APOB,ITGAM
APOB,LRP6
APOB,LRP1
APOB,LRP2
APOB,ADRB2
APOB,ITGB2
WNT6,FZD4
PROC,THBD
PROC,ITGAM
PROC,ITGB2
PROC,PROCR
ANGPTL1,TEK
CD160,TNFRSF14
APOA1,ABCA1
APOA1,LDLR
APOA1,LRP2
APOA1,LRP1
FGF23,FGFR2
FGF23,FGFR3
FGF23,FGFR4
FGF23,FGFR1
FGF23,PHEX
FGF23,KL
TGFB3,TGFBR1
TGFB3,ITGB6
TGFB3,ACVRL1
TGFB3,ITGB3
TGFB3,TGFBR2
TGFB3,ENG
TGFB3,ITGB1
TGFB3,ITGB5
TGFB3,TGFBR3
IFNA7,IFNAR2
IFNA7,IFNAR1
IAPP,RAMP1
IAPP,CALCR
IAPP,ADRB2
IAPP,GPR20
IAPP,GPR84
IAPP,ADRB3
IAPP,TSHR
IAPP,PTH1R
IAPP,ADCYAP1R1
IAPP,VIPR1
IAPP,RAMP2
IAPP,RAMP3
TNFSF10,TNFRSF11B
TNFSF10,TNFRSF10B
TNFSF10,TNFRSF10C
TNFSF10,TNFRSF10D
TNFSF10,RIPK1
TNFSF10,TNFRSF10A
GSTM2,RYR2
INHBA,BAMBI
INHBA,ACVR1B
INHBA,ACVR2B
INHBA,ENG
INHBA,SMAD3
INHBA,ACVR1
INHBA,TGFBR3
INHBA,ACVR2A
INHA,ACVR2A
INHA,TGFBR3
INHA,ACVR1
INHA,ACVR2B
PI3,PLD2
IL17C,IL17RE
LYPD3,AGR2
EREG,ERBB3
EREG,ERBB4
EREG,EGFR
EREG,ERBB2
EFNB2,EPHB3
EFNB2,EPHB1
EFNB2,EPHB2
EFNB2,EPHA4
EFNB2,EPHA6
EFNB2,EPHA3
EFNB2,EPHB6
EFNB2,EPHB4
EFNB2,PECAM1
EFNB2,RHBDL2
EFNB2,GRM5
EFNB2,GRM1
BMP4,BMPR2
BMP4,BMPR1A
BMP4,HJV
BMP4,BMPR1B
BMP4,LRP6
PSPN,GFRA3
PSPN,RET
PSPN,SDC3
PSPN,GFRA2
PSPN,GFRA4
PSPN,GFRA1
TNFSF9,TNFRSF9
TNFSF9,TRAF2
TNFSF9,PVR
CD70,TNFRSF13B
CD70,CD27
CD70,TNFRSF17
C3,CD19
C3,CD46
C3,CR2
C3,ITGAX
C3,IFITM1
C3,CR1
C3,C3AR1
C3,CD81
C3,ITGAM
C3,C5AR2
C3,LRP1
C3,GRM7
C3,MTNR1A
C3,ADRA2A
C3,ITGB2
VASP,CXCR2
SLURP1,CHRNA7
GDF1,ACVR2B
GDF1,ACVR1B
GDF1,SMAD3
GDF1,ACVR2A
OMG,NGFR
OMG,RTN4R
OMG,RTN4RL1
OMG,LINGO1
LIF,LIFR
LIF,IL6ST
DLL4,NOTCH3
DLL4,NOTCH2
DLL4,NOTCH4
DLL4,NOTCH1
TPH1,HTR7
TPH1,HTR1A
TPH1,HTR1F
TPH1,HTR1D
TPH1,HTR2C
TPH1,HTR1B
TPH1,HTR2B
TPH1,HTR5A
TPH1,HTR1E
TPH1,HTR4
TPH1,HTR6
TPH1,HTR2A
AANAT,MTNR1B
AANAT,MTNR1A
LMAN1,MCFD2
APOE,CHRNA4
APOE,TREM2
APOE,SORL1
APOE,SCARB1
APOE,LRP4
APOE,LDLR
APOE,VLDLR
APOE,LSR
APOE,LRP8
APOE,ABCA1
APOE,LRP6
APOE,LRP5
APOE,SDC2
APOE,LRP2
APOE,LRP1
APOC2,LDLR
NCAN,CDH2
NCAN,SDC3
BST2,LILRA4
BMP15,BMPR1A
BMP15,BMPR1B
BMP15,BMPR2
BMP15,ACVR2A
EPO,EPOR
EPO,EPHB4
GDF15,GFRAL
GDF15,RET
LAMA5,BCAM
LAMA5,ITGA2
LAMA5,SDC1
LAMA5,ITGA6
LAMA5,ITGB1
LAMA5,ITGB4
LAMA5,ITGA3
F12,CD93
F12,GP1BA
JAG1,CD46
JAG1,NOTCH1
JAG1,NOTCH4
JAG1,NOTCH2
JAG1,NOTCH3
CRP,CR1
CRP,OLR1
NTS,NTSR1
NTS,NTSR2
NTS,SORT1
NTS,NGFR
TSHB,RAMP3
TSHB,GPR20
TSHB,RAMP2
TSHB,VIPR1
TSHB,PTH1R
TSHB,ADCYAP1R1
TSHB,GPR84
TSHB,TSHR
TSHB,ADRB3
TSHB,ADRB2
FST,BMPR2
FST,BMPR1B
FST,HJV
GRP,GRPR
GRP,BRS3
GRP,NMBR
SPX,GALR2
DSC1,DSG2
DSC1,DSG3
DSC1,DSG1
SEMA6A,PLXNA4
SEMA6A,PLXNA2
LACRT,SDC1
GDF11,BMPR1A
GDF11,BMPR1B
GDF11,BMPR2
GDF11,ACVR1B
GDF11,ACVR2B
GDF11,ACVR2A
LAMC1,ITGB4
LAMC1,ITGA3
LAMC1,ITGA6
LAMC1,ITGA7
LAMC1,ITGA1
LAMC1,ITGA2
LAMC1,ITGAV
LAMC1,ITGB1
IL36G,IL36RN
IL36G,IL1RL2
IL1RN,IL1RL2
IL1RN,IL1R1
IL1RN,IL1R2
IL36A,IL1RL2
IL36A,IL36RN
IL36B,IL36RN
IL36B,IL1RL2
CFC1,ACVR1B
CFC1,SMAD3
CFC1,ACVR2A
ORM1,CCR5
CCN3,NOTCH1
CCN3,PLXNA1
CCL21,ADRA2A
CCL21,MTNR1A
CCL21,GRM7
CCL21,CXCR3
CCL21,ACKR4
CCL21,ACKR2
CCL21,CCR7
CCL27,ACKR2
CCL27,CCR10
CCL27,GRM7
CCL27,MTNR1A
CCL27,ADRA2A
TGS1,RXRA
MMP7,CD151
MMP7,SDC1
MMP7,ERBB4
MMP7,CD44
THBS1,ITGA4
THBS1,ITGB1
THBS1,LRP1
THBS1,SDC1
THBS1,ITGA6
THBS1,LRP5
THBS1,ITGB3
THBS1,CD36
THBS1,SCARB1
THBS1,SDC4
THBS1,ITGA2B
THBS1,TNFRSF11B
THBS1,CD47
THBS1,ITGA3
ADAM10,TSPAN17
ADAM10,AXL
ADAM10,NRCAM
ADAM10,TSPAN12
ADAM10,TREM2
ADAM10,GPNMB
ADAM10,TSPAN5
ADAM10,TSPAN15
ADAM10,TSPAN10
ADAM10,CADM1
ADAM10,TSPAN14
ADAM10,IL6R
ADAM10,CD44
ADAM10,NOTCH1
ADAM10,NOTCH2
ADAM10,EPHA3
ADAM10,MET
MSTN,ACVR2B
COL8A1,ITGA1
COL8A1,ITGA2
LYZ,ITGAL
VWF,LRP1
VWF,ITGB3
VWF,GP1BA
VWF,ITGA2B
VWF,TNFRSF11B
VWF,SELP
VWF,SCARA5
VWF,STAB2
VWF,SIRPA
CDH1,IGF1R
CDH1,KLRG1
CDH1,ITGAE
CDH1,PTPRM
CDH1,PTPRF
CDH1,ERBB3
CDH1,CDH2
CDH1,LRP5
CDH1,ITGB7
CDH1,EGFR
IL17B,IL17RB
SEMA7A,PLXNC1
SEMA7A,ITGB1
SEMA7A,ITGA1
RIMS2,ABCA1
ANOS1,SDC2
ANOS1,FGFR1
TIMP2,ITGB1
TIMP2,CD44
TIMP2,ITGA3
LGALS3BP,CD33
LGALS3BP,ITGB1
IL37,IL1RAPL1
IL1A,IL1RAP
IL1A,IL1R1
IL1A,IL1R2
IL1B,IL1R2
IL1B,ADRB2
IL1B,IL1R1
IL1B,IL1RAP
IL1B,SIGIRR
MIA,CDH7
LCN1,LMBR1L
CNTN3,PTPRG
IL7,IL7R
IL7,IL2RG
CKLF,CCR4
CKLF,LRP6
FARP2,PLXNA4
FARP2,PLXNA2
FARP2,PLXNA1
FARP2,PLXNA3
LAMC2,ITGB1
LAMC2,CD151
LAMC2,ITGA2
LAMC2,ITGA6
LAMC2,COL17A1
LAMC2,ITGA3
LAMC2,ITGB4
NID1,ITGA3
NID1,PTPRF
NID1,ITGB3
NID1,ITGAV
NID1,ITGB1
NID1,COL13A1
NMU,ADRA2A
NMU,MTNR1A
NMU,GRM7
NMU,NMUR1
NMU,NMUR2
IL21,IL21R
IL21,IL2RG
FGF2,SDC4
FGF2,SDC3
FGF2,SDC2
FGF2,SDC1
FGF2,NRP1
FGF2,FGFR3
FGF2,FGFR1
FGF2,FGFR2
FGF2,FGFR4
FGF2,CD44
FGF2,GPC4
FGF2,FGFRL1
IL11,IL11RA
IL11,IL6ST
WNT5A,LRP2
WNT5A,ADRB2
WNT5A,EPHA7
WNT5A,RYK
WNT5A,ROR2
WNT5A,FZD5
WNT5A,FZD8
WNT5A,FZD1
WNT5A,FZD7
WNT5A,LRP6
WNT5A,FZD2
WNT5A,FZD6
WNT5A,LRP5
WNT5A,LDLR
WNT5A,FZD4
WNT5A,PTK7
WNT5A,ROR1
WNT5A,VANGL2
WNT5A,PTPRK
WNT5A,FZD9
WNT5A,FZD3
WNT5A,ANTXR1
WNT5A,MCAM
FGF10,FGFRL1
FGF10,FGFR2
FGF10,FGFR1
ICAM1,ITGB2
ICAM1,EGFR
ICAM1,ITGAL
ICAM1,IL2RA
ICAM1,IL2RG
ICAM1,ITGAX
ICAM1,CAV1
ICAM1,ITGAM
ICAM1,MUC1
ICAM1,SPN
OLFM2,ROBO2
F13A1,ITGA9
F13A1,ITGA4
F13A1,ITGB1
BST1,CAV1
KNG1,ITGAM
KNG1,SDC2
KNG1,CD93
KNG1,PLAUR
KNG1,GP1BA
KNG1,GRM7
KNG1,ADRA2A
KNG1,MTNR1A
KNG1,ITGB2
KNG1,BDKRB1
KNG1,RXFP4
KNG1,BDKRB2
VCAN,TLR1
VCAN,EGFR
VCAN,ITGB1
VCAN,ITGA4
VCAN,CD44
VCAN,SELL
VCAN,SELP
VCAN,TLR2
TNC,SDC4
TNC,ITGA8
TNC,SDC1
TNC,ITGA7
TNC,ITGA2
TNC,ITGA5
TNC,ITGAV
TNC,ITGB6
TNC,ITGB3
TNC,ITGB1
TNC,EGFR
TNC,PTPRB
TNC,CNTN1
TNC,ITGA9
EGF,FSHR
EGF,AXL
EGF,EGFR
EGF,ERBB4
EGF,NRP1
EGF,LRP2
EGF,ERBB2
EGF,ADRB2
EGF,CAV1
EGF,RHBDL2
EGF,LDLR
EGF,ERBB3
EGF,PLD2
SEMA3C,NRP1
SEMA3C,NRP2
SEMA3C,PLXND1
SEMA3A,NRP2
SEMA3A,PLXNA3
SEMA3A,PLXNA1
SEMA3A,NRP1
SEMA3A,PLXNA2
SEMA3A,PLXNA4
WNT2,FZD4
WNT2,FZD2
WNT2,LRP6
WNT2,FZD1
WNT2,FZD7
WNT2,FZD8
WNT2,FZD5
WNT2,FZD3
WNT2,FZD9
NPTX2,NPTXR
GAL,GPR151
GAL,GALR1
GAL,GALR3
GAL,GALR2
GAL,ADRA2A
GAL,MTNR1A
GAL,GRM7
ADAM2,ITGB7
ADAM2,ITGB1
ADAM2,CD9
ADAM2,ITGA6
ADAM2,ITGA9
ADAM28,ITGA4
SLIT1,GPC1
SLIT1,ROBO1
SLIT1,FLRT3
TIMP3,AGTR2
TIMP3,CD44
TIMP3,MET
TIMP3,KDR
INHBE,ACVR2B
INHBE,ACVR2A
LUM,ITGB1
DHH,PTCH1
DHH,HHIP
DHH,BOC
DHH,CDON
DHH,PTCH2
NPFF,NPFFR1
NPFF,NPFFR2
FGF7,NRP1
FGF7,FGFR2
FGF7,FGFR1
FGF7,FGFR4
FGF7,FGFR3
HDC,HRH1
HDC,HRH2
HDC,HRH3
HDC,HRH4
MFGE8,PDGFRB
MFGE8,ITGAV
MFGE8,ITGB3
IGFBP4,LRP6
IGFBP4,FZD8
PTH2,PTH1R
PTH2,ADCYAP1R1
PTH2,RAMP2
PTH2,VIPR1
PTH2,GPR20
PTH2,ADRB2
PTH2,RAMP3
PTH2,ADRB3
PTH2,TSHR
PTH2,GPR84
PTH2,PTH2R
PROK1,PROKR1
PROK1,PROKR2
CGN,F11R
CGN,OCLN
CGN,TGFBR2
CGN,TGFBR1
LEFTY1,ACVR2B
LEFTY1,ACVR1B
LEFTY1,ACVR2A
REN,ATP6AP2
GDF7,ACVR2A
GDF7,BMPR2
GDF7,BMPR1A
CALM2,GRM5
CALM2,SELL
CALM2,EGFR
CALM2,GRM7
CALM2,PDE1B
CALM2,KCNQ1
CALM2,TRPC5
CALM2,CACNA1C
CALM2,KCNQ3
CALM2,KCNQ5
CALM2,MYLK
CALM2,PDE1A
CALM2,INSR
CALM2,ADCY8
CALM2,PDE1C
CALM2,GP6
CALM2,PLPP6
CALM2,AQP6
CALM2,SCN10A
CALM2,MYLK2
CALM2,AQP1
CALM2,SCN4A
NXPH2,NRXN1
LRIG1,EGFR
LRIG1,MET
UCN2,IL10RB
UCN2,CRHR2
UCN2,CRHR1
SFRP2,FZD5
MEGF10,ABCA1
IL9,IL2RG
IL9,IL9R
FGF18,FGFR3
FGF18,FGFR1
FGF18,FGFR4
FGF18,FGFR2
CRH,RAMP2
CRH,VIPR1
CRH,PTH1R
CRH,ADCYAP1R1
CRH,GPR84
CRH,TSHR
CRH,ADRB3
CRH,RAMP3
CRH,GPR20
CRH,ADRB2
CRH,MC2R
CRH,CRHR2
CRH,CRHR1
RSPO2,ZNRF3
RSPO2,LGR6
RSPO2,LGR4
RSPO2,LGR5
IFNA1,IFNAR2
IFNA1,IFNAR1
IFNA1,CR2
LIN7C,HTR2C
LIN7C,ABCA1
LIN7C,KCNJ4
SERPING1,SELP
SERPING1,SELE
GPHA2,TSHR
GPHA2,EPHA6
CTF1,LIFR
CTF1,IL6ST
IL18,IL1RL2
IL18,CD48
IL18,IL18R1
IL18,IL18BP
IL18,IL1RAPL1
IL18,IL18RAP
QDPR,DYSF
PIGF,FLT1
TNFSF4,TNFRSF4
TNFSF4,TRAF2
PTH,LRP6
PTH,ADRB3
PTH,TSHR
PTH,GPR84
PTH,ADRB2
PTH,PTH1R
PTH,ADCYAP1R1
PTH,VIPR1
PTH,RAMP2
PTH,GPR20
PTH,RAMP3
PTH,PTH2R
BMP3,ACVR2B
BMP3,BMPR2
BMP3,BMPR1A
BMP3,BMPR1B
BMP6,BMPR1B
BMP6,BMPR1A
BMP6,HJV
BMP6,BMPR2
BMP6,ACVR1
BMP6,ACVR2A
SEMA3D,PLXND1
SEMA3D,NRP1
WNT3A,LGR5
WNT3A,LRP1
WNT3A,LRP5
WNT3A,LRP6
WNT3A,FZD6
WNT3A,FZD2
WNT3A,FZD8
WNT3A,FZD7
WNT3A,FZD5
WNT3A,FZD1
WNT3A,RYK
WNT3A,ATP6AP2
WNT3A,ROR1
WNT3A,FZD3
WNT3A,APCDD1
APP,FPR2
APP,LRP10
APP,PLD1
APP,RPSA
APP,TNFRSF21
APP,NCSTN
APP,AGER
APP,CD74
APP,PTGER2
APP,NGFR
APP,TSPAN12
APP,APLP1
APP,GPC1
APP,APLP2
APP,LRP6
APP,CAV1
APP,TSPAN15
APP,SORL1
APP,VLDLR
APP,LRP1
APP,NOTCH2
APP,ADRA2A
APP,MTNR1A
APP,GRM7
APP,DCC
WNT7A,LDLR
WNT7A,LRP6
WNT7A,FZD5
WNT7A,FZD10
WNT7A,RECK
WNT7A,FZD9
DKK2,KREMEN2
DKK2,LRP6
WIF1,RYK
ADAMTS3,CCBE1
CXCL13,CXCR5
CXCL13,OPRD1
CXCL13,CCR10
CXCL13,ACKR4
CXCL13,CXCR3
CXCL13,GRM7
CXCL13,MTNR1A
CXCL13,ADRA2A
GDF6,BMPR2
GDF6,BMPR1A
GDF6,BMPR1B
NODAL,ACVR1B
NODAL,ACVR2B
NODAL,SMAD3
NODAL,ACVR2A
NODAL,ACVR1C
SST,SSTR4
SST,SSTR1
SST,SSTR5
SST,SSTR2
SST,SSTR3
SST,ADRA2A
SST,MTNR1A
SST,GRM7
WNT4,NOTCH1
WNT4,FZD2
WNT4,FZD6
WNT4,FZD8
WNT4,FZD1
WNT4,SMO
ACE,AGTR2
ACE,BDKRB2
AGRP,MC4R
AGRP,MC5R
AGRP,MC3R
AGRP,SDC3
PIP,NPTN
PIP,AQP5
PIP,CD4
CALM3,ESR1
CALM3,AR
CALM3,SCN4A
CALM3,AQP1
CALM3,MYLK2
CALM3,AQP6
CALM3,GP6
CALM3,SCN10A
CALM3,ADCY8
CALM3,PDE1C
CALM3,PDE1A
CALM3,INSR
CALM3,KCNQ3
CALM3,KCNQ5
CALM3,MYLK
CALM3,CACNA1C
CALM3,TRPC5
CALM3,PDE1B
CALM3,KCNQ1
CALM3,RYR2
CALM3,GRM5
CALM3,SELL
CALM3,GRM7
CALM3,EGFR
TFF2,MUC6
TFF1,MUC5AC
TFF1,FCRL4
S100B,ALCAM
S100B,AGER
S100A1,AGER
S100A1,TRPM3
S100A1,RYR1
S100A1,TLR4
S100A1,RYR2
SCGB3A1,NOTCH3
SCGB3A1,MARCO
HCRT,HCRTR1
HCRT,HCRTR2
HCRT,NPFFR2
SHANK1,ABCA1
SHANK1,ADGRB2
SHANK1,ADGRL2
SHANK1,ADGRL1
SHANK1,SSTR2
WNT1,FZD9
WNT1,FZD3
WNT1,FZD1
WNT1,ROR2
WNT1,RYK
WNT1,FZD8
WNT1,FZD7
WNT1,FZD5
WNT1,LRP6
WNT1,LRP5
CXCL16,GRM7
CXCL16,MTNR1A
CXCL16,ADRA2A
CXCL16,CXCR6
TNFSF12,TNFRSF25
TNFSF12,TNFRSF12A
TNFSF12,TNFRSF8
FGF11,FGFR3
FGF11,FGFR1
FGF11,FGFR4
FGF11,FGFR2
NTN3,NEO1
NTN3,CDON
FGF19,KLB
FGF19,FGFR2
FGF19,FGFR4
FGF19,FGFR1
FGF19,FGFR3
DRAXIN,DCC
VCAM1,ITGAD
VCAM1,ITGB2
VCAM1,ITGB1
VCAM1,ITGB7
VCAM1,ITGA4
VCAM1,ITGA9
VCAM1,EZR
VCAM1,MSN
ARPC5,LRP2
ARPC5,ADRB2
ARPC5,LDLR
INHBB,ACVR2B
INHBB,ACVR1B
INHBB,SMAD3
INHBB,ACVR1
INHBB,ACVR1C
INHBB,ACVR2A
BMP10,ACVR2A
BMP10,ENG
BMP10,ACVRL1
BMP10,BMPR2
BMP10,BMPR1B
BMP10,BMPR1A
TGFA,ERBB3
TGFA,ERBB2
TGFA,EGFR
TGFA,ERBB4
COL6A3,ITGB1
COL6A3,ITGA1
COL6A3,ITGA2
PROK2,PROKR2
PROK2,PROKR1
IHH,PTCH2
IHH,CDON
IHH,HHIP
IHH,PTCH1
IHH,BOC
CXCL3,CXCR1
CXCL3,CXCR2
CXCL3,GRM7
CXCL3,ADRA2A
CXCL3,MTNR1A
CXCL5,MTNR1A
CXCL5,ADRA2A
CXCL5,GRM7
CXCL5,CXCR2
CXCL5,CXCR1
CXCL5,ACKR1
PPBP,ACKR1
PPBP,CXCR1
PPBP,CXCR2
PPBP,GRM7
PPBP,ADRA2A
PPBP,MTNR1A
PF4,MTNR1A
PF4,ADRA2A
PF4,GRM7
PF4,FGFR2
PF4,LRP1
PF4,LDLR
PF4,THBD
PF4,ACKR1
PF4,SDC2
PF4,CXCR3
PF4,PROCR
UCN,CRHR2
UCN,CRHR1
TDGF1,ACVR2A
TDGF1,ACVR1C
TDGF1,GPC1
TDGF1,SMAD3
TDGF1,ACVR2B
TDGF1,ACVR1B
LIPH,LPAR1
LIPH,LPAR4
LIPH,LPAR2
MELTF,TFRC
CAMP,EGFR
CAMP,FPR2
CAMP,IGF1R
CAMP,P2RX7
IL15,IL15RA
IL15,IL2RB
IL15,IL2RA
IL15,IL2RG
SCGB3A2,MARCO
SPINK1,NRSN1
SPINK1,EGFR
IL3,CSF2RB
IL3,IL3RA
CSF2,CSF2RA
CSF2,IL3RA
CSF2,ITGA9
CSF2,CSF2RB
CSF2,SDC2
CSF2,CSF1R
CSF2,CSF3R
CSF2,ITGB1
FABP5,RXRA
SHH,LRP2
SHH,GPC1
SHH,SMO
SHH,SCUBE2
SHH,GPC5
SHH,GAS1
SHH,PTCH1
SHH,HHIP
SHH,BOC
SHH,CDON
SHH,PTCH2
COL1A2,CD44
COL1A2,ITGB1
COL1A2,ITGA2B
COL1A2,ITGA2
COL1A2,ITGA1
COL1A2,CD93
COL1A2,ITGA11
COL1A2,FLT4
COL1A2,ITGB3
COL1A2,ITGAV
COL1A2,CD36
DEFB1,CCR6
COL14A1,CD44
VEGFD,ITGA4
VEGFD,ITGB1
VEGFD,NRP2
VEGFD,FLT4
VEGFD,ITGA5
VEGFD,ITGA1
VEGFD,ITGA2
VEGFD,KDR
VEGFD,FLT1
VEGFD,ITGA9
ARF6,PLD1
ARF6,SMAP1
JAM3,ITGB2
JAM3,ITGB1
HSP90B1,LRP1
HSP90B1,ERBB2
HSP90B1,TLR2
HSP90B1,TLR4
HSP90B1,ASGR1
HSP90B1,TLR9
HSP90B1,TLR7
HSP90B1,TLR1
COL6A2,ITGA1
COL6A2,ITGA2
COL6A2,ITGB1
ANGPTL4,GPIHBP1
ANGPTL4,TIE1
FADD,FAS
FADD,TRADD
FADD,ABCA1
FADD,TRAF2
PNOC,ADRA2A
PNOC,MTNR1A
PNOC,GRM7
PNOC,OPRL1
PRL,PRLR
CCL11,CXCR3
CCL11,ACKR4
CCL11,CCR3
CCL11,CCR5
CCL11,ACKR1
CCL11,DPP4
CCL11,ACKR2
CCL11,CCR2
NRTN,GFRA2
NRTN,GFRA1
NRTN,RET
NRTN,GFRA3
IGF1,IGF2R
IGF1,IGF1R
IGF1,INSR
INSL5,RXFP4
INSL5,RXFP3
INSL5,GRM7
INSL5,MTNR1A
INSL5,ADRA2A
IL16,CCR5
IL16,GRIN2B
IL16,KCNJ15
IL16,KCNA3
IL16,KCNJ10
IL16,KCND2
IL16,GRIN2A
IL16,CD4
IL16,KCNJ4
IL16,GRIN2D
IL16,GRIN2C
IL16,KCND1
HSPA4,TLR4
PCSK9,VLDLR
PCSK9,LDLR
PCSK9,SORT1
PCSK9,LRP1
PCSK9,APLP2
SEMA3E,PLXND1
SEMA3E,NRP1
IL12A,IL12RB1
IL12A,IL12RB2
IL12A,CD28
TRH,TRHR
DEFB4A,TLR4
CD14,TLR4
CD14,TLR6
CD14,RIPK1
CD14,ITGB2
CD14,ITGB1
CD14,ITGA4
CD14,TLR9
CD14,TLR1
COL3A1,MAG
COL3A1,ITGB1
COL3A1,DDR2
COL3A1,DDR1
COL3A1,ITGA2
IL13,IL2RG
IL13,IL13RA1
IL13,IL4R
IL13,IL13RA2
IL13,TMEM219
NLGN2,NRXN3
NLGN2,MDGA1
NLGN2,NRXN1
NLGN2,NRXN2
CXCL10,SDC4
CXCL10,CCR3
CXCL10,CXCR3
CXCL10,DPP4
CXCL10,ADRA2A
CXCL10,MTNR1A
CXCL10,GRM7
BMP1,BMPR1A
BMP1,BMPR1B
BMP1,BMPR2
FGB,ITGA2B
FGB,TLR4
FGB,ITGAM
FGB,ITGAV
FGB,ITGB3
FGB,ITGA5
FGB,ITGB2
FGB,ITGB1
FGA,ITGB1
FGA,ITGB2
FGA,ITGAD
FGA,ITGA5
FGA,PLAUR
FGA,ITGB3
FGA,ITGAV
FGA,ITGAM
FGA,TLR4
FGA,ITGA2B
FGA,ITGAX
FGA,CDH5
CXCL8,CD79A
CXCL8,SDC3
CXCL8,KDR
CXCL8,CXCR1
CXCL8,ACKR1
CXCL8,SDC2
CXCL8,SDC1
CXCL8,GRM7
CXCL8,MTNR1A
CXCL8,ADRA2A
CXCL8,CXCR2
SEMA4C,PLXNB2
CXCL11,ADRA2A
CXCL11,MTNR1A
CXCL11,GRM7
CXCL11,CXCR3
CXCL11,CCR3
CXCL11,ACKR1
CXCL11,DPP4
CXCL11,ACKR3
PRND,RPSA
HAS2,HMMR
HAS2,CD44
NPTX1,NPTXR
RGMB,NEO1
RGMB,BMPR2
RGMB,BMPR1B
RGMB,HJV
F2,GP1BA
F2,ITGA2B
F2,THBD
F2,GP1BB
F2,F2R
F2,F2RL2
F2,F2RL1
F2,F2RL3
F2,GP9
INHBC,ACVR2A
INHBC,ACVR1B
INHBC,ACVR2B
INHBC,ACVR1
CCL19,ACKR2
CCL19,CCR10
CCL19,CXCR3
CCL19,ACKR4
CCL19,GRM7
CCL19,MTNR1A
CCL19,ADRA2A
CCL19,CCR7
CCL19,CCRL2
PLG,F2R
PLG,FLT1
PLG,PLGRKT
PLG,F2RL1
PLG,ITGA9
PLG,ITGB2
PLG,ITGB1
PLG,IGF2R
PLG,PLAUR
PLG,ITGAM
PLG,F3
CLCF1,IL6ST
CLCF1,LIFR
CLCF1,CNTFR
CLCF1,CRLF1
CSHL1,GHR
LPL,GPIHBP1
LPL,LRP2
LPL,CD44
LPL,LRP1
LPL,VLDLR
LPL,SDC1
EFEMP2,PLSCR4
EFEMP2,AQP1
ADAM17,IL6R
ADAM17,MUC1
ADAM17,RHBDF2
ADAM17,ITGA5
ADAM17,ITGB1
ADAM17,NOTCH1
ADAM17,ERBB4
ADAM17,MET
VEGFB,NRP1
VEGFB,RET
VEGFB,FLT1
FGF5,FGFR2
FGF5,FGFR3
FGF5,FGFR4
FGF5,FGFR1
LEP,LRP2
LEP,LEPR
GH1,GHR
GH1,PRLR
GNAI2,CXCR1
GNAI2,MTNR1B
GNAI2,CXCR3
GNAI2,CCR5
GNAI2,C5AR1
GNAI2,LHCGR
GNAI2,CAV1
GNAI2,CNR1
GNAI2,CXCR2
GNAI2,TSHR
GNAI2,UNC5B
GNAI2,ADRA2A
GNAI2,MTNR1A
GNAI2,EGFR
GNAI2,LPAR3
GNAI2,S1PR5
GNAI2,EDNRA
GNAI2,ADORA1
GNAI2,ADRA2B
GNAI2,FPR1
GNAI2,S1PR3
GNAI2,OPRM1
GNAI2,PTPRU
GNAI2,TBXA2R
GNAI2,EDNRB
GNAI2,DRD2
GNAI2,ADCY7
GNAI2,F2R
GNAI2,ADCY8
GNAI2,IGF1R
GNAI2,AGTR2
GNAI2,ADCY9
GNAI2,S1PR4
GNAI2,OPRD1
GNAI2,S1PR1
GNAI2,CHRM1
GNAI2,P2RY12
GNAI2,ADCY1
ANGPT2,TIE1
ANGPT2,TEK
TLN1,ITGB3
TLN1,ITGB5
CSH1,PRLR
AGTRAP,RACK1
PKM,CD44
CALR,LRP1
CALR,TSHR
CALR,MPL
CALR,MTNR1A
CALR,ITGA2B
CALR,ITGAV
CALR,ITGA3
CALR,SCARF1
CALR,HLA-F
DEFB103A,CCR2
TAC1,TACR3
TAC1,TACR1
TAC1,TACR2
LPA,LPAR3
LPA,LPAR2
LPA,LPAR1
LPA,LPAR4
LPA,LRP2
LPA,ITGB2
LPA,ITGAM
FGF8,FGFR2
FGF8,FGFR3
FGF8,FGFR4
FGF8,FGFR1
FGF8,FGFRL1
FGF13,SCN5A
FGF13,SCN8A
FGF13,FGFR4
FGF13,FGFR1
FGF13,FGFR3
FGF13,FGFR2
FGF13,EGFR
MMP1,CD44
MMP1,ITGA2
PENK,GRM7
PENK,MTNR1A
PENK,ADRA2A
PENK,OPRM1
PENK,MRGPRX1
PENK,OGFR
PENK,OPRK1
PENK,OPRD1
LAMA3,ITGB4
LAMA3,ITGA3
LAMA3,ITGB1
LAMA3,SDC2
SEMA6D,KDR
SEMA6D,TREM2
SEMA6D,PLXNA1
SEMA6D,TYROBP
MTMR4,SMAD3
WNT11,FZD7
WNT11,MUSK
WNT11,KLRG2
FBN1,ITGA5
FBN1,ITGB3
FBN1,ITGB6
FBN1,ITGAV
FBN1,ITGB1
PSEN1,CD44
PSEN1,NOTCH3
PSEN1,NOTCH2
PSEN1,NOTCH4
PSEN1,NOTCH1
PSEN1,NCSTN
BGN,TLR1
BGN,LY96
BGN,TLR2
BGN,TLR4
BMP8A,BMPR2
BMP8A,BMPR1A
BMP8A,BMPR1B
CSF1,CSF1R
CSF1,SIRPA
IZUMO1,IZUMO1R
IZUMO1,CD9
P4HB,MTTP
JAG2,NOTCH1
JAG2,NOTCH4
JAG2,NOTCH2
JAG2,NOTCH3
EFNA5,EPHA7
EFNA5,EPHA10
EFNA5,EPHA1
EFNA5,EPHA3
EFNA5,EPHA5
EFNA5,EPHA6
EFNA5,EPHA4
EFNA5,EPHB2
EFNA5,EPHB1
EFNA5,EPHB6
EFNA5,EPHA2
EFNA5,EPHA8
NXPH3,NRXN2
NXPH3,NRXN3
NXPH3,NRXN1
SERPINA7,SLC16A2
NPW,NPBWR2
NPW,NPBWR1
NPW,ADRA2A
NPW,MTNR1A
NPW,GRM7
CTHRC1,FZD5
CTHRC1,FZD6
CTHRC1,FZD3
CNTN2,NRCAM
CNTN2,CNTN1
CNTN2,CNTNAP2
CNTN2,NRP1
BCAN,EGFR
BCAN,NRCAM
GAST,CCKBR
FBLN1,ITGB1
CALCA,TSHR
CALCA,ADRB3
CALCA,GPR20
CALCA,ADRB2
CALCA,GPR84
CALCA,PTH1R
CALCA,ADCYAP1R1
CALCA,RAMP2
CALCA,RAMP3
CALCA,VIPR1
CALCA,CALCR
CALCA,RAMP1
CALCA,CALCRL
COL4A5,CD47
COL4A5,ITGAV
COL4A5,CD93
COL4A5,ITGA2
COL4A5,ITGA1
COL4A5,ITGB1
SLIT3,ROBO2
SLIT3,ROBO1
PMCH,MCHR2
PMCH,MCHR1
PMCH,GRM7
PMCH,MTNR1A
PMCH,ADRA2A
COL7A1,ITGB1
COL7A1,ITGA2
NPB,ADRA2A
NPB,MTNR1A
NPB,GRM7
NPB,NPBWR2
NPB,NPBWR1
GH2,GHR
BTLA,VTCN1
BTLA,CD247
BTLA,CD79A
BTLA,TNFRSF14
TAC4,TACR3
TAC4,TACR1
TAC4,TACR2
FGF3,FGFR2
FGF3,FGFR3
FGF3,FGFR4
FGF3,FGFR1
GHRL,TBXA2R
GHRL,PTGER3
GHRL,GHRHR
GHRL,GPR39
GHRL,MLNR
GHRL,GHSR
GHRL,PTGIR
HSP90AA1,CFTR
HSP90AA1,FGFR3
HSP90AA1,EGFR
HSP90AA1,LRP1
HSP90AA1,ERBB2
HSP90AA1,ITGB3
FGG,ITGB3
FGG,ITGAV
FGG,ITGA5
FGG,TLR4
FGG,ITGA2B
FGG,ITGB1
FGG,ITGB2
CXCL14,CXCR4
EDN3,KEL
EDN3,EDNRB
EDN3,EDNRA
RTN4,TNFRSF19
RTN4,GJB2
RTN4,RTN4R
RTN4,CNTNAP1
RTN4,NGFR
RTN4,RTN4RL1
RTN4,LINGO1
C1QTNF1,AVPR2
DMP1,PHEX
DMP1,ITGB3
NTN4,DCC
NTN4,UNC5A
WNT7B,LRP5
WNT7B,FZD1
WNT7B,FZD4
WNT7B,FZD10
WNT7B,TMED5
PTN,PTPRZ1
PTN,PTPRS
PTN,PTPRB
PTN,SDC3
PTN,SDC1
PTN,ALK
NCR3LG1,NCR3
COL9A3,MAG
COL9A3,ITGB1
SLPI,PLSCR4
SLPI,CD4
ICAM4,RHAG
ICAM4,ITGB1
ICAM4,ITGA4
ICAM4,ITGAL
ICAM4,ITGB2
ICAM4,ITGAM
ICAM4,ITGB3
ICAM4,ITGAV
ICAM4,ITGA2B
TNFSF13,TNFRSF11B
TNFSF13,TNFRSF14
TNFSF13,TNFRSF13B
TNFSF13,SDC2
TNFSF13,TNFRSF1A
TNFSF13,TNFRSF17
TNFSF13,FAS
HMGB1,TLR9
HMGB1,CD163
HMGB1,AGER
HMGB1,CXCR4
HMGB1,SDC1
HMGB1,THBD
HMGB1,TLR4
HMGB1,TLR2
FYN,SPN
FYN,THY1
FN1,IL17RC
FN1,ITGA9
FN1,NT5E
FN1,CD79A
FN1,ROBO4
FN1,ITGA3
FN1,MAG
FN1,TNFRSF11B
FN1,ITGA8
FN1,ITGA2B
FN1,ITGA6
FN1,C5AR1
FN1,ITGA2
FN1,PLAUR
FN1,ITGA5
FN1,FLT4
FN1,TMPRSS6
FN1,DPP4
FN1,SDC2
FN1,ITGAV
FN1,ITGB6
FN1,ITGB8
FN1,ITGB3
FN1,CD44
FN1,ITGB7
FN1,ITGA4
FN1,ITGB1
FN1,COL13A1
FN1,TSHR
COL18A1,ITGB5
COL18A1,ITGB1
COL18A1,ITGB3
COL18A1,ITGA5
COL18A1,KDR
COL18A1,ITGA3
COL18A1,GPC4
COL18A1,GPC1
HP,CD22
HP,ASGR2
HP,CD163
HP,TLR4
HP,ITGAM
HP,ASGR1
HP,ITGB2
RSPO1,LGR6
RSPO1,LGR4
RSPO1,LGR5
RSPO1,LRP6
RSPO1,FZD8
RSPO1,ZNRF3
RSPO3,FZD8
RSPO3,LRP6
RSPO3,SDC4
RSPO3,LGR5
RSPO3,LGR4
RSPO3,LGR6
ADAM15,ITGB1
ADAM15,ITGB3
ADAM15,ITGAV
ADAM15,ITGA5
ADAM15,ITGA9
CALM1,TRPC5
CALM1,MIP
CALM1,KCNN4
CALM1,GLP2R
CALM1,CACNA1C
CALM1,KCNQ1
CALM1,SCTR
CALM1,PDE1B
CALM1,CNGA2
CALM1,CRHR1
CALM1,SCN4A
CALM1,ADCY8
CALM1,INSR
CALM1,MYLK
CALM1,PDE1A
CALM1,PDE1C
CALM1,GP6
CALM1,AQP6
CALM1,MYLK2
CALM1,SCN10A
CALM1,AQP1
CALM1,PTH2R
CALM1,KCNQ3
CALM1,KCNQ5
CALM1,GRM3
CALM1,GRM4
CALM1,TRPC3
CALM1,PTPRA
CALM1,GLP1R
CALM1,HMMR
CALM1,FAS
CALM1,OPRM1
CALM1,SELL
CALM1,CALCR
CALM1,HTR2C
CALM1,RYR2
CALM1,GRM5
CALM1,VIPR1
CALM1,ADCYAP1R1
CALM1,EGFR
CALM1,GRM7
COL9A1,ITGB1
COL9A1,MAG
GIP,GIPR
GIP,INSR
GIP,TSHR
GIP,GPR84
GIP,ADRB2
GIP,GPR20
GIP,ADRB3
GIP,ADCYAP1R1
GIP,RAMP2
GIP,PTH1R
GIP,VIPR1
GIP,RAMP3
GIP,DPP4
APOA4,LDLR
APOA4,LRP2
APOA4,LRP1
SEMA4F,NRP2
GAD1,GRM4
ITIH2,FCER1A
ALKAL1,ALK
NLGN3,NRXN3
NLGN3,NRXN1
NLGN3,NRXN2
CCL20,CCR6
CCL20,MTNR1A
CCL20,ADRA2A
CCL20,GRM7
CCL20,CXCR3
FGF17,FGFR2
FGF17,FGFR3
FGF17,FGFR4
FGF17,FGFR1
PYY,GRM7
PYY,MTNR1A
PYY,ADRA2A
PYY,DPP4
PYY,NPY5R
PYY,NPY1R
PYY,NPY4R
PYY,FAP
PYY,NPY2R
F8,ASGR2
F8,LDLR
F8,LRP1
COL4A2,ITGB5
COL4A2,ITGB3
COL4A2,CD93
LAMC3,ITGA2
LAMC3,ITGA6
LAMC3,ITGB1
LAMC3,ITGB4
LAMC3,ITGA3
CCL28,ADRA2A
CCL28,MTNR1A
CCL28,GRM7
CCL28,CCR10
CCL28,CCR3
CCL28,ACKR2
CXCL9,DPP4
CXCL9,CCR3
CXCL9,CXCR3
CXCL9,GRM7
CXCL9,MTNR1A
CXCL9,ADRA2A
CXCL9,FCGR2A
CXCL9,KIR2DL3
COL6A1,ITGB1
COL6A1,ITGA6
COL6A1,ITGA1
COL6A1,ITGA2
TGM2,ITGB3
TGM2,SDC4
TGM2,ITGB1
TGM2,ITGA4
TGM2,ITGA9
TGM2,ADGRG1
TGM2,TBXA2R
CNTF,CNTFR
CNTF,LIFR
CNTF,IL6ST
CNTF,EGFR
CNTF,IL6R
AGT,ADRA2A
AGT,MTNR1A
AGT,GRM7
AGT,LRP2
AGT,AGTR1
AGT,AGTR2
AGT,ENPEP
AGT,MAS1
DLL1,NOTCH3
DLL1,NOTCH2
DLL1,NOTCH1
DLL1,NOTCH4
THBS2,NOTCH4
THBS2,NOTCH3
THBS2,ITGA4
THBS2,ITGB1
THBS2,CD47
THBS2,ITGB3
THBS2,ITGA6
THBS2,CD36
LEFTY2,ACVR2B
LEFTY2,ACVR1B
LEFTY2,ACVR2A
TGFB2,TGFBR3
TGFB2,TGFBR2
TGFB2,ENG
TGFB2,ACVR1
TGFB2,TGFBR1
C4BPA,BMPR2
C4BPA,LRP1
C4BPA,CD40
VIP,SCTR
VIP,NPR3
VIP,AVPR1A
VIP,ADRB3
VIP,ADRB2
VIP,VIPR2
VIP,GPR84
VIP,TSHR
VIP,RAMP3
VIP,GPR20
VIP,RAMP2
VIP,VIPR1
VIP,PTH1R
VIP,ADCYAP1R1
VIP,RAMP1
VIP,DPP4
CFH,ITGAM
CFH,SELL
PTGS2,CAV1
PTGS2,PTGDR2
PTGS2,ALOX5
FASLG,TNFRSF6B
FASLG,FAS
FASLG,TNFRSF10B
FASLG,TNFRSF1A
XCL1,ADGRV1
XCL1,XCR1
CCN2,NTRK1
CCN2,ERBB4
CCN2,EGFR
CCN2,ITGB2
CCN2,LRP1
CCN2,ITGAM
CCN2,LRP6
CCN2,ITGA5
APOA2,LDLR
APOA2,LRP1
APOA2,LRP2
SEMA4A,PLXNB2
SEMA4A,NRP1
SEMA4A,PLXNB3
SEMA4A,PLXND1
SEMA4A,PLXNB1
EFNA1,EPHA8
EFNA1,EPHA7
EFNA1,EPHA5
EFNA1,EPHA1
EFNA1,EPHA10
EFNA1,EPHA3
EFNA1,EPHA4
EFNA1,EPHA6
EFNA1,EPHB1
EFNA1,EPHB6
EFNA1,EPHA2
EFNA3,EPHA2
EFNA3,EPHB6
EFNA3,EPHB1
EFNA3,EPHA4
EFNA3,EPHA6
EFNA3,EPHA3
EFNA3,EPHA10
EFNA3,EPHA1
EFNA3,EPHA5
EFNA3,EPHA7
EFNA3,EPHA8
ADAM12,ITGA9
ADAM12,ITGB1
ADAM12,SDC4
S100A8,TLR4
S100A8,CD36
S100A8,ITGB2
S100A8,CD69
S100A8,CD68
S100A8,AGER
S100A12,CD36
S100A12,TLR4
S100A9,TLR4
S100A9,CD36
S100A9,ITGB2
S100A9,AGER
S100A9,ALCAM
S100A9,CD68
NGF,NGFR
NGF,KIDINS220
NGF,NTRK1
NGF,SORCS2
NGF,TRPV1
NGF,MAGED1
NGF,BEX3
NGF,SORCS3
NGF,SORT1
WNT2B,FZD4
L1CAM,ERBB3
L1CAM,ITGAV
L1CAM,ITGA5
L1CAM,EGFR
L1CAM,FGFR2
L1CAM,EPHB2
L1CAM,ERBB2
L1CAM,CNTN1
COL11A1,ITGB1
COL11A1,ITGA2
COL11A1,DDR1
CD40LG,ITGAM
CD40LG,ITGB2
CD40LG,TRAF3
CD40LG,CD40
BMP5,BMPR2
BMP5,BMPR1A
BMP5,BMPR1B
BMP5,HJV
ITGB3BP,ITGB3
ITGB3BP,ITGB5
GNAS,TSHR
GNAS,ADRB3
GNAS,AVPR2
GNAS,VIPR1
GNAS,LHCGR
GNAS,HTR6
GNAS,GLP1R
GNAS,GCGR
GNAS,ADORA1
GNAS,ADCY7
GNAS,CRHR1
GNAS,ADCY8
GNAS,PTGIR
GNAS,ADCY9
GNAS,PTGDR
GNAS,ADCY1
ANGPTL3,ITGB3
ANGPTL3,ITGAV
ANGPTL3,ITGA5
RBP4,STRA6
COL5A1,ITGA1
COL5A1,SDC3
COL5A1,ITGB1
CEL,CXCR4
SFTPD,TLR4
SFTPD,SIRPA
SFTPD,LY96
MMP9,RECK
MMP9,TLR9
MMP9,IFNAR1
MMP9,ITGAM
MMP9,CD44
MMP9,LRP1
MMP9,EPHB2
MMP9,ITGB2
EDN2,KEL
EDN2,EDNRB
EDN2,EDNRA
SPTAN1,PTPRA
COL9A2,MAG
COL9A2,ITGB1
PLAU,ITGB1
PLAU,LRP2
PLAU,LRP1
PLAU,IGF2R
PLAU,ITGB5
PLAU,ITGB2
PLAU,ITGAM
PLAU,ITGAV
PLAU,ST14
PLAU,PLAUR
PLAU,ITGA5
PLAU,VLDLR
PLAU,ITGA3
PLAU,MRC2
BMP8B,BMPR1B
BMP8B,BMPR1A
BMP8B,BMPR2
BMP8B,PLAUR
ANGPTL2,LILRB2
ANGPTL2,TIE1
GHRH,GHRHR
GHRH,VIPR1
GHRH,RAMP2
GHRH,GPR20
GHRH,RAMP3
GHRH,ADCYAP1R1
GHRH,PTH1R
GHRH,ADRB3
GHRH,ADRB2
GHRH,TSHR
GHRH,GPR84
COL16A1,ITGB1
TNFSF15,TNFRSF6B
TNFSF15,TNFRSF25
GDF5,ACVR2A
GDF5,ROR2
GDF5,ACVR1
GDF5,BMPR1A
GDF5,BMPR2
GDF5,BMPR1B
GDF5,ACVR2B
EDA,EDAR
EDA,EDA2R
HSPG2,PTPRS
HSPG2,ITGA2
HSPG2,SDC1
HSPG2,ITGB1
HSPG2,LRP2
HSPG2,COL13A1
HSPG2,LRP1
HSPG2,FGFR1
COL5A2,ITGB1
COL5A2,ITGA1
COL5A2,DDR1
F10,F3
F10,ITGAM
F10,ITGB2
SYK,LAT
SYK,FCGR2A
COL4A1,ITGB1
COL4A1,ITGAV
COL4A1,ITGB8
COL4A1,ITGA1
COL4A1,ITGA2
COL4A1,CD93
COL4A1,CD47
FGF14,FGFR2
FGF14,FGFR1
FGF14,FGFR4
FGF14,FGFR3
HLA-C,NOTCH4
HLA-C,LILRA1
HLA-C,LILRB1
HLA-C,CD3D
HLA-C,KIR2DL3
HLA-C,KIR2DL1
HLA-C,CD3G
HLA-C,KIR3DL1
HLA-C,LILRB2
HLA-E,KLRC2
HLA-E,KIR3DL1
HLA-E,KLRD1
HLA-E,KLRC1
HLA-E,KLRK1
ANXA1,EGFR
ANXA1,FPR3
ANXA1,GRM7
ANXA1,ADRA2A
ANXA1,MTNR1A
ANXA1,FPR1
ANXA1,FPR2
ANXA1,DYSF
IL31,IL31RA
IL31,OSMR
CORT,MTNR1A
CORT,ADRA2A
CORT,GRM7
CORT,SSTR5
CORT,SSTR2
CORT,SSTR3
CORT,MRGPRX2
CORT,GHSR
CORT,SSTR1
CORT,SSTR4
ACTR2,LRP2
ACTR2,ADRB2
ACTR2,LDLR
NDP,FZD4
NDP,LGR4
CCL7,CCR2
CCL7,ACKR4
CCL7,CXCR3
CCL7,CCR3
CCL7,CCR10
CCL7,CCR5
CCL7,CCR1
CCL7,ACKR2
CCL7,ACKR1
GDF9,TGFBR1
GDF9,BMPR1B
GDF9,BMPR2
GDF9,BMPR1A
GDF9,ACVR2A
BMP2,ACVR2A
BMP2,SMO
BMP2,GPC1
BMP2,BMPR1A
BMP2,BMPR2
BMP2,BMPR1B
BMP2,HJV
BMP2,ACVR2B
BMP2,ACVR1
BMP2,ENG
AGRN,LRP4
AGRN,LRP1
AGRN,ITGB1
AGRN,LRP2
AGRN,ATP1A3
AGRN,MUSK
INSL3,ADRB3
INSL3,ADRB2
INSL3,GPR84
INSL3,TSHR
INSL3,PTH1R
INSL3,ADCYAP1R1
INSL3,RAMP3
INSL3,GPR20
INSL3,RAMP2
INSL3,VIPR1
INSL3,RXFP1
INSL3,RXFP2
AVP,LDLR
AVP,VIPR1
AVP,GPR20
AVP,RAMP3
AVP,ADCYAP1R1
AVP,RAMP2
AVP,PTH1R
AVP,GPR84
AVP,TSHR
AVP,ADRB2
AVP,ADRB3
AVP,LRP2
AVP,OXTR
AVP,AVPR1B
AVP,AVPR2
AVP,AVPR1A
UCN3,IL10RB
UCN3,CRHR1
UCN3,CRHR2
SHBG,CLDN4
SHBG,SLC37A1
SHBG,GPRC6A
COL2A1,ITGA10
COL2A1,TNFRSF10A
COL2A1,MAG
COL2A1,DDR1
COL2A1,ITGA2B
COL2A1,ITGA1
COL2A1,ITGA2
COL2A1,ITGB1
RLN2,ADRB3
RLN2,ADRB2
RLN2,TSHR
RLN2,GPR84
RLN2,PTH1R
RLN2,RAMP2
RLN2,ADCYAP1R1
RLN2,RAMP3
RLN2,GPR20
RLN2,VIPR1
RLN2,RXFP2
RLN2,RXFP1
RLN2,RXFP3
ZG16B,TLR5
ZG16B,TLR2
ZG16B,TLR4
ZG16B,CXCR4
FGF9,FGFR3
FGF9,FGFR4
FGF9,FGFR1
FGF9,FGFR2
SEMA5A,MET
SEMA5A,PLXNB3
RPH3A,NRXN1
LAMA1,RPSA
LAMA1,ITGA3
LAMA1,ITGB4
LAMA1,GPC1
LAMA1,NT5E
LAMA1,ITGB1
LAMA1,SDC4
LAMA1,ITGA2
LAMA1,ITGA1
LAMA1,ITGA7
LAMA1,ITGA6
LAMA1,TMPRSS6
LAMA1,ITGB8
LAMA1,SDC2
CCL25,ACKR2
CCL25,ACKR4
CCL25,CCR9
CCL25,CCR10
CCL25,ADRA2A
CCL25,MTNR1A
CCL25,GRM7
LAMB3,ITGB1
LAMB3,ITGA6
LAMB3,ITGA2
LAMB3,CD151
LAMB3,ITGB4
LAMB3,ITGA3
LAMB3,COL17A1
AFDN,F11R
AFDN,NECTIN3
AFDN,NRXN3
AFDN,NECTIN2
AFDN,NECTIN1
AFDN,NRXN2
AFDN,NECTIN4
AFDN,EPHB6
AFDN,EPHB3
AFDN,EPHB2
AFDN,EPHA7
CSH2,PRLR
IL1F10,IL1RL2
IL1F10,IL1R1
CCL8,CCR5
CCL8,CCR3
CCL8,CCR1
CCL8,ACKR4
CCL8,ACKR2
CCL8,ACKR1
CCL8,CCR2
COL4A6,ITGB1
COL4A6,ITGAV
COL4A6,CD93
COL4A6,ITGA1
COL4A6,ITGA2
COL4A6,CD47
CCL26,CCR1
CCL26,CCR3
CCL26,CCR2
SPP1,ITGB1
SPP1,CD44
SPP1,ITGA4
SPP1,ITGB5
SPP1,ITGA5
SPP1,ITGAV
SPP1,ITGB3
SPP1,PTGER4
SPP1,ITGA9
LGALS9,MRC2
LGALS9,HAVCR2
LGALS9,SLC1A5
LGALS9,CD47
LGALS9,CD44
ADM2,GPR84
ADM2,TSHR
ADM2,ADRB2
ADM2,ADRB3
ADM2,VIPR1
ADM2,GPR20
ADM2,RAMP3
ADM2,ADCYAP1R1
ADM2,RAMP2
ADM2,PTH1R
ADM2,CALCR
ADM2,RAMP1
ADM2,CALCRL
CXCL12,CD4
CXCL12,ACKR3
CXCL12,SDC4
CXCL12,DPP4
CXCL12,CCR4
CXCL12,CXCR3
CXCL12,GRM7
CXCL12,MTNR1A
CXCL12,ADRA2A
CXCL12,CXCR4
CXCL12,ITGB1
CXCL12,AVPR1A
BMP7,ACVR1
BMP7,ENG
BMP7,ACVR2B
BMP7,BMPR1B
BMP7,BMPR1A
BMP7,BMPR2
BMP7,ACVR2A
COL4A3,ITGA3
COL4A3,CD47
COL4A3,ITGB3
COL4A3,ITGAV
COL4A3,CD93
COL4A3,ITGA1
COL4A3,ITGA2
COL4A3,ITGB1
COL4A4,ITGB1
COL4A4,ITGA2
COL4A4,ITGA1
COL4A4,CD93
COL4A4,ITGAV
COL4A4,ITGB3
COL4A4,CD47
HLA-A,ERBB2
HLA-A,KIR3DL1
HLA-A,CD3G
HLA-A,LILRB2
HLA-A,LILRA1
HLA-A,APLP2
HLA-A,LILRB1
HLA-A,KIR3DL2
HLA-A,CD3D
HLA-A,KIR2DL3
HLA-A,KIR2DL1
CNTN4,PTPRG
TCTN1,TMEM67
PDCD1LG2,PDCD2
PDCD1LG2,PDCD1
NPS,NPSR1
NPS,ADRB3
NPS,ADRB2
NPS,GPR20
NPS,TSHR
NPS,GPR84
NPS,PTH1R
NPS,RAMP2
NPS,ADCYAP1R1
NPS,RAMP3
NPS,VIPR1
TNFSF11,LGR4
TNFSF11,TNFRSF11B
TNFSF11,TNFRSF11A
DSCAM,DCC
POMC,VIPR1
POMC,RAMP3
POMC,GPR20
POMC,ADCYAP1R1
POMC,RAMP2
POMC,PTH1R
POMC,ADRA2A
POMC,MTNR1A
POMC,GRM7
POMC,GPR84
POMC,TSHR
POMC,ADRB2
POMC,ADRB3
POMC,MC1R
POMC,OPRM1
POMC,MC4R
POMC,MC5R
POMC,MC2R
POMC,OPRK1
POMC,MC3R
POMC,OPRD1
FBLN2,ITGB3
NPY,DPP4
NPY,NPFFR2
NPY,GRM7
NPY,MTNR1A
NPY,ADRA2A
NPY,PRLHR
NPY,FAP
NPY,NPY2R
NPY,MC4R
NPY,NPY1R
NPY,NPY5R
NPY,NPY4R
NXPH1,NRXN3
NXPH1,NRXN1
NXPH1,NRXN2
SAA1,FPR2
SAA1,FPR1
SAA1,ADRA2A
SAA1,MTNR1A
SAA1,GRM7
SAA1,TLR2
SAA1,SCARB1
MDK,SORL1
MDK,SDC3
MDK,SDC4
MDK,ITGA6
MDK,SDC1
MDK,ALK
MDK,ITGB1
MDK,LRP1
MDK,ITGA4
MDK,LRP2
MDK,PTPRZ1
MDK,GPC2
MDK,TSPAN1
TF,TFR2
TF,HFE
TF,LRP2
TF,ADRB2
TF,LDLR
TF,TFRC
ARTN,RET
ARTN,GFRA3
ARTN,GFRA2
ARTN,GFRA1
GCG,DPP4
GCG,ADRB2
GCG,ADRB3
GCG,TSHR
GCG,GPR84
GCG,PTH1R
GCG,RAMP2
GCG,ADCYAP1R1
GCG,GPR20
GCG,RAMP3
GCG,VIPR1
GCG,GLP1R
GCG,GCGR
GCG,GLP2R
ADIPOQ,CNR2
ADIPOQ,ADIPOR1
ADIPOQ,ADIPOR2
ADIPOQ,GPR42
PTPN6,CD300LF
PTPN6,CLEC12A
PTPN6,FCRL4
APLN,APLNR
APLN,GRM7
APLN,MTNR1A
APLN,ADRA2A
NLGN1,NRXN3
NLGN1,NRXN1
NLGN1,NRXN2
CLEC2A,KLRF2
C4A,C5AR2
C4A,C3AR1
C4A,CR1
NTF3,NTRK1
NTF3,NTRK2
NTF3,NGFR
NTF3,NTRK3
RLN3,RXFP3
RLN3,RXFP4
RLN3,RXFP2
RLN3,RXFP1
RLN3,ADRA2A
RLN3,MTNR1A
RLN3,GRM7
RLN3,VIPR1
RLN3,RAMP3
RLN3,ADCYAP1R1
RLN3,RAMP2
RLN3,PTH1R
RLN3,GPR84
RLN3,TSHR
RLN3,ADRB3
RLN3,GPR20
RLN3,ADRB2
TNF,NOTCH1
TNF,TNFRSF1B
TNF,TNFRSF1A
TNF,FLT4
TNF,TRAF2
TNF,RIPK1
TNF,TNFRSF21
TNF,TRADD
TNF,FAS
TNF,PTPRS
TNF,FFAR2
TNF,VSIR
TNF,TRPM2
TNF,ICOS
TNF,CELSR2
CCN1,TLR4
CCN1,TLR2
CCN1,ITGA5
CCN1,ITGAM
CCN1,ITGB3
CCN1,CAV1
CCN1,ITGAV
CCN1,ITGB2
CCN1,ITGB5
HLA-B,LILRA1
HLA-B,CANX
HLA-B,LILRB1
HLA-B,KIR3DL2
HLA-B,CD3D
HLA-B,KIR2DL3
HLA-B,KLRD1
HLA-B,LILRB2
HLA-B,CD3G
HLA-B,KIR3DL1
FGF16,FGFR4
FGF16,FGFR2
FGF16,FGFR3
FGF16,FGFR1
LAMA2,ITGB1
LAMA2,ITGA7
LAMA2,ITGA6
LAMA2,ITGA2
LAMA2,ITGA1
LAMA2,ITGA3
LAMA2,RPSA
LAMA2,ITGB4
CCL24,CCR3
CCL24,ACKR2
CCL24,CCR2
HRAS,SDC2
HRAS,CAV1
HRAS,TLR2
HRAS,GRIN2D
HRAS,INSR
HRAS,AGTR1
HRAS,TLR9
GDNF,EDNRB
GDNF,GFRA1
GDNF,GFRA2
GDNF,GFRA3
GDNF,RET
HLA-G,KIR3DL1
HLA-G,LILRB2
HLA-G,CD4
HLA-G,KLRD1
HLA-G,KLRC1
HLA-G,KIR2DL4
HLA-G,LILRB1
EFNA4,EPHA8
EFNA4,EPHA2
EFNA4,EPHA7
EFNA4,EPHA1
EFNA4,EPHA5
EFNA4,EPHA10
EFNA4,EPHA3
EFNA4,EPHA4
EFNA4,EPHA6
ICAM2,ITGB2
ICAM2,ITGAL
ICAM2,ITGAM
FSHB,PTH1R
FSHB,ADCYAP1R1
FSHB,RAMP2
FSHB,RAMP3
FSHB,VIPR1
FSHB,GPR20
FSHB,ADRB2
FSHB,ADRB3
FSHB,TSHR
FSHB,GPR84
FSHB,FSHR
RARRES2,GPR1
RARRES2,CCRL2
RARRES2,CMKLR1
LRPAP1,LRP2
LRPAP1,LRP1
LRPAP1,SORT1
LRPAP1,SORL1
LRPAP1,LDLR
LRPAP1,LRP8
LRPAP1,VLDLR
C1QTNF5,MFRP
HSPA8,LDLR
HSPA8,LRP2
HSPA8,ADRB2
CALCB,GPR20
CALCB,ADRB2
CALCB,ADRB3
CALCB,GPR84
CALCB,TSHR
CALCB,VIPR1
CALCB,RAMP3
CALCB,ADCYAP1R1
CALCB,RAMP2
CALCB,PTH1R
CALCB,CALCR
CALCB,RAMP1
CALCB,CALCRL
ADM,CALCRL
ADM,GPR182
ADM,RAMP1
ADM,CALCR
ADM,PTH1R
ADM,RAMP2
ADM,ADCYAP1R1
ADM,RAMP3
ADM,VIPR1
ADM,TSHR
ADM,GPR84
ADM,ADRB3
ADM,GPR20
ADM,ADRB2
PTHLH,ADRB2
PTHLH,GPR20
PTHLH,ADRB3
PTHLH,GPR84
PTHLH,TSHR
PTHLH,VIPR1
PTHLH,RAMP3
PTHLH,ADCYAP1R1
PTHLH,RAMP2
PTHLH,PTH1R
PTHLH,PTH2R
ADCYAP1,SCTR
ADCYAP1,PTH1R
ADCYAP1,RAMP2
ADCYAP1,ADCYAP1R1
ADCYAP1,RAMP3
ADCYAP1,VIPR1
ADCYAP1,TSHR
ADCYAP1,GPR84
ADCYAP1,VIPR2
ADCYAP1,ADRB3
ADCYAP1,GPR20
ADCYAP1,ADRB2
ADCYAP1,DPP4
CGA,LHCGR
CGA,ADRB2
CGA,GPR20
CGA,ADRB3
CGA,GPR84
CGA,TSHR
CGA,VIPR1
CGA,RAMP3
CGA,ADCYAP1R1
CGA,RAMP2
CGA,PTH1R
CGA,FSHR
S100A10,CFTR
S100A10,TRPV6
SHANK2,CFTR
LGALS8,ITGA3
RELN,ITGA3
RELN,ITGB1
RELN,VLDLR
RELN,LRP8
LAMB2,ITGB1
LAMB2,ITGA3
LAMB2,RPSA
LAMB2,ITGB4
ADAM9,ITGA3
ADAM9,ITGB1
ADAM9,ITGB5
ADAM9,ITGAV
ADAM9,ITGA6
S100A4,CCR5
S100A4,ERBB2
S100A4,EGFR
S100A4,PGLYRP1
CPAMD8,SCTR
TNFSF13B,CD40
TNFSF13B,TNFRSF17
TNFSF13B,TNFRSF13C
TNFSF13B,TFRC
TNFSF13B,TNFRSF13B
CALML3,KCNQ1
LTA,LTBR
LTA,RIPK1
LTA,TNFRSF14
LTA,TNFRSF1A
LTA,TNFRSF1B
LTB,TNFRSF1A
LTB,LTBR
LTB,CD40
NTF4,BEX3
NTF4,NTRK1
NTF4,NGFR
NTF4,NTRK2
BDNF,NTRK2
BDNF,NGFR
BDNF,DRD4
BDNF,BEX3
BDNF,SORT1
CD99,CD81
CD99,PILRA
FGF1,TGFBR3
FGF1,FGFRL1
FGF1,EGFR
FGF1,NRP1
FGF1,FGFR2
FGF1,FGFR4
FGF1,FGFR1
FGF1,FGFR3
FGF1,CD44
FAM3C,GLRA2
FAM3C,LAMP1
MLN,MLNR
RIMS1,SLC17A7
RIMS1,CACNA1C
RIMS1,SLC18A3
RIMS1,SLC18A2
KLK3,EPOR
C1QB,C1QBP
C1QB,LRP1
GNRH2,GNRHR
GNRH1,GNRHR
IL22,IL10RA
IL22,IL22RA1
IL22,IL22RA2
IL22,IL21R
IL22,IL10RB
IL10,IL10RB
IL10,IL10RA
TNFSF14,LTBR
TNFSF14,TNFRSF6B
TNFSF14,TNFRSF14
CLEC2D,KLRB1
IL33,IL1RL1
KISS1,KISS1R
KISS1,MMP24
PDYN,OPRD1
PDYN,OPRK1
PDYN,OPRM1
PDYN,ADRA2A
PDYN,MTNR1A
PDYN,GRM7
PODXL2,SELL
CD34,SELL
CD34,SELP
MUC7,SELL
PODXL,SELL
MICB,KLRK1
MICA,KLRK1
RAET1L,KLRK1
ULBP2,KLRK1
ULBP3,KLRK1
RAET1E,KLRK1
RAET1G,KLRK1
GDF2,ACVR2B
GDF2,BMPR2
GDF2,ACVRL1
GDF2,ACVR1
GDF2,ENG
GDF2,ACVR2A
FLT3LG,FLT3
CD55,ADGRE5
CD55,ADGRE2
CD55,CR1
GPC3,CD81
GPC3,LRP1
GPC3,LRP2
GPC3,IGF1R
PDGFB,S1PR1
PDGFB,ART1
PDGFB,PDGFRA
PDGFB,LRP1
PDGFB,ITGAV
PDGFB,PDGFRB
A2M,LRP1
SERPINA1,LRP1
SERPINE2,LRP1
MMP13,LRP1
FCN2,LRP1
HPX,LRP1
LIPC,LRP1
PSAP,LRP1
PSAP,SORT1
PSAP,GPR37
PSAP,GPR37L1
PSAP,CD1B
PSAP,AR
ASIP,MC4R
ASIP,MC5R
ASIP,MC2R
ASIP,F11R
ASIP,MC1R
ASIP,MGRN1
ASIP,ATRN
ASIP,MC3R
SFTPA2,CD93
MBL2,CD93
MBL2,CALCR
C1QA,CR1
C1QA,CD93
C1QA,CSPG4
IGFL2,IGFLR1
IGFL1,IGFLR1
IGFL3,IGFLR1
GSTP1,TRAF2
GSTP1,EGFR
GALP,GALR2
GALP,GALR3
GALP,GALR1
NTNG2,LRRC4
NTNG2,LRRC4C
CCL5,GPR75
CCL5,CCRL2
CCL5,SDC4
CCL5,ACKR4
CCL5,CXCR3
CCL5,CCR5
CCL5,CCR3
CCL5,CCR1
CCL5,SDC1
CCL5,CCR4
CCL5,ACKR1
CCL5,ACKR2
CCL5,GRM7
CCL5,ADRA2A
CCL5,MTNR1A
GUCA2B,GUCY2C
GUCA2B,GUCY2D
CLEC3A,CLEC10A
NMS,NMUR2
NMS,NMUR1
NMS,ADRA2A
NMS,MTNR1A
NMS,GRM7
ARF1,CHRM3
ARF1,PLD2
ARF1,INSR
VEGFC,FLT1
VEGFC,CCBE1
VEGFC,LYVE1
VEGFC,ITGA9
VEGFC,KDR
VEGFC,FLT4
VEGFC,ITGB1
VEGFC,NRP2
DLK1,NOTCH1
DLK1,NOTCH2
DLK1,NOTCH3
MFNG,NOTCH2
MFNG,NOTCH1
CCL16,CCR2
CCL16,ADRA2A
CCL16,MTNR1A
CCL16,GRM7
CCL16,CCR1
CCL16,CCR5
CCL16,CCR8
CCL16,HRH4
DSC3,DSG3
DSC3,DSG1
DSC3,DSG2
DSC2,DSG2
DSC2,DSG1
PDGFC,PDGFRA
PDGFC,FLT1
PDGFC,KDR
PDGFC,FLT4
PDGFC,PDGFRB
PDGFD,PDGFRB
PDGFD,PDGFRA
PDGFA,PDGFRA
PDGFA,PDGFRB
FGF21,FGFR3
FGF21,FGFR1
FGF21,FGFR4
FGF21,FGFR2
FGF21,KLB
NMB,NMBR
NMB,GRPR
NMB,BRS3
B2M,TFRC
B2M,HLA-F
B2M,CD1A
B2M,CD1B
B2M,KIR2DL1
B2M,KIR2DL3
B2M,LILRB1
B2M,CD3D
B2M,CD247
B2M,KLRC1
B2M,HFE
B2M,KIR3DL1
B2M,KLRC2
B2M,KLRD1
B2M,LILRB2
B2M,CD3G
SFTPA1,TLR2
RNASE2,TLR2
CCN6,SORL1
EDIL3,ITGAV
EDIL3,ITGB5
AZGP1,ITGAV
VEGFA,ITGAV
VEGFA,ITGB3
VEGFA,RET
VEGFA,KDR
VEGFA,EPHB2
VEGFA,ITGB1
VEGFA,EGFR
VEGFA,NRP1
VEGFA,NRP2
VEGFA,GRIN2B
VEGFA,FLT1
VEGFA,SIRPA
VEGFA,ITGA9
VEGFA,TYRO3
VEGFA,GPC1
CP,SLC40A1
GUCA2A,GUCY2C
SOSTDC1,LRP6
WNT9B,LRP6
SOST,LRP6
SOST,LRP5
DKK1,LRP6
DKK1,LRP5
DKK1,KREMEN1
DKK1,KREMEN2
CRISP3,A1BG
HSPA1A,GRIN2D
HSPA1A,TLR4
IL27,IL27RA
CD24,SELP
CD24,SIGLEC10
GAS6,TYRO3
GAS6,MERTK
GAS6,AXL
PROS1,AXL
PROS1,MERTK
PROS1,TYRO3
GC,LRP2
ALB,LRP2
INS,LRP2
INS,LILRB1
INS,IGF1R
INS,INSR
INS,LILRB2
CUBN,LRP2
SCGB1A1,LRP2
SCGB1A1,LMBR1L
LCN2,LRP2
GREM1,KDR
NRG1,ERBB3
NRG1,LGR4
NRG1,ERBB2
NRG1,EGFR
NRG1,ERBB4
NRG1,ADGRL1
NRG1,MS4A4A
NRG1,GPC1
SERPINC1,GPC1
SERPINC1,SDC2
SLIT2,SDC1
SLIT2,DCC
SLIT2,GPC1
SLIT2,ROBO4
SLIT2,ROBO1
SLIT2,ROBO2
CD274,PDCD1
CD274,CD80
NPPC,NPR3
NPPC,NPR2
NPPC,NPR1
NPPB,NPR2
NPPB,NPR1
NPPB,NPR3
NPPB,DPP4
OSTN,NPR3
NPPA,NPR3
NPPA,NPR2
NPPA,NPR1
SEMA3B,NRP2
SEMA3B,NRP1
PGF,NRP1
PGF,NRP2
PGF,FLT1
NCAM1,ROBO1
NCAM1,PTPRA
NCAM1,CACNA1C
NCAM1,FGFR1
NCAM1,FGFR2
NCAM1,GFRA1
NRG3,ERBB3
NRG3,ERBB4
NRG3,ERBB2
AREG,EGFR
AREG,ERBB3
NRG2,ERBB3
NRG2,ERBB4
NRG2,ERBB2
BTC,ERBB2
BTC,ERBB4
BTC,EGFR
BTC,ERBB3
IGF2,IGF2R
IGF2,IGF1R
IGF2,INSR
SEMA4D,CD72
SEMA4D,PLXNB1
SEMA4D,ERBB2
SEMA4D,PLXNB2
SEMA4D,MET
NRG4,ERBB4
NRG4,EGFR
NRG4,ERBB2
IFNW1,IFNAR2
IFNW1,IFNAR1
IFNA16,IFNAR1
IFNA16,IFNAR2
IFNA14,IFNAR2
IFNA14,IFNAR1
IFNA17,IFNAR2
IFNA17,IFNAR1
IFNA4,IFNAR1
IFNA4,IFNAR2
IFNA13,IFNAR2
IFNA13,IFNAR1
IFNA5,IFNAR1
IFNA5,IFNAR2
IFNB1,IFNAR2
IFNB1,IFNAR1
IFNA6,IFNAR1
IFNA6,IFNAR2
IFNA10,IFNAR2
IFNA10,IFNAR1
IFNA8,IFNAR1
IFNA8,IFNAR2
IFNE,IFNAR2
IFNE,IFNAR1
IFNE,ADGRV1
IFNA21,IFNAR1
IFNA21,IFNAR2
IFNA2,IFNAR2
IFNA2,IFNAR1
IL20,IL20RA
IL20,IL20RB
IL20,IL22RA1
IL24,IL22RA1
IL24,IL20RB
IL24,IL20RA
IL24,IL10RB
PTPN11,FCRL4
ZP3,EGFR
EFEMP1,EGFR
FGL1,EGFR
ARF4,EGFR
ANG,EGFR
LRIG2,EGFR
EPGN,EGFR
DLK2,NOTCH1
MFAP5,NOTCH1
MFAP2,NOTCH1
RBP3,NOTCH1
NTNG1,LRRC4C
SPINT1,ST14
CXCL2,DPP4
CXCL2,CXCR1
CXCL2,CXCR2
CXCL2,GRM7
CXCL2,MTNR1A
CXCL2,ADRA2A
CXCL2,XCR1
CXCL1,ADRA2A
CXCL1,MTNR1A
CXCL1,GRM7
CXCL1,CXCR2
CXCL1,CXCR1
CXCL1,ACKR1
PPY,GRM7
PPY,MTNR1A
PPY,ADRA2A
PPY,NPY2R
PPY,NPY4R
PPY,NPY5R
PPY,NPY1R
SORBS1,INSR
SORBS1,ITGB5
SORBS1,ITGA1
MATN1,ITGA1
PLA2G10,PLA2R1
IL34,CSF1R
IL25,IL17RB
IFNL2,IFNLR1
IFNL2,IL10RB
IFNL1,IL10RB
IFNL1,IFNLR1
IFNL3,IFNLR1
IFNL3,IL10RB
GPI,AMFR
DEFB106A,CCR2
CCL14,CCR3
CCL14,CCR5
CCL14,CCR1
CCL14,ACKR1
CCL14,ACKR2
CCL3,ACKR2
CCL3,CCR4
CCL3,CCR1
CCL3,CCR5
CCL3,CCR3
CCL3L3,CCR5
CCL3L3,ACKR2
CCL4,ACKR2
CCL4,CCR8
CCL4,CCR5
CCL4,CCR1
CCL4,CCR3
CCL4,CNR2
FGF12,FGFR2
FGF12,FGFR4
FGF12,FGFR3
FGF12,FGFR1
ANGPT1,ITGB1
ANGPT1,ITGA5
ANGPT1,TEK
ANGPT1,TIE1
WNT8A,LRP5
WNT8B,LRP5
CGB5,LHCGR
CCK,CCKBR
CCK,CCKAR
YARS1,CXCR1
IL17A,IL17RC
IL17A,IL17RA
IL17F,IL17RA
IL17F,IL17RC
CCL15,CCR1
CCL15,CCR3
CCL23,CCR1
CCL23,ACKR2
CCL18,CCR8
CCL18,CCR1
CCL18,CCR3
LTBP3,ITGB5
LTBP1,ITGB5
MST1,MST1R
CHAD,ITGB1
CHAD,ITGA2
NUCB2,ERAP1
FAT4,DCHS1
TAC3,TACR3
TAC3,TACR1
TAC3,TACR2
AHSG,INSR
CD86,CD28
CD86,CTLA4
ACE2,SLC6A19
CD6,ALCAM
TSLP,IL7R
CER1,MRC2
CRISP2,CATSPER1
XCL2,XCR1
CD200,CD200R1
C4B,CR1
C4B,CD46
IL19,IL20RA
IL19,IL20RB
EDN1,ADGRL4
EDN1,EDNRB
EDN1,EDNRA
EDN1,KEL
ICOSLG,ICOS
SEMA4B,DCBLD2
UTS2B,UTS2R
PDX1,SLC2A2
PTMA,VIPR1
TNFSF18,TNFRSF18
F11,GP1BA
APOD,LEPR
DKK3,KREMEN1
OBP2A,OR1G1
BSG,SELE
AMELX,LAMP1
IL6,IL6R
IL6,HRH1
IL6,IL6ST
IL6,F3
F7,F3
RGMA,BMPR2
RGMA,HJV
RGMA,BMPR1B
RGMA,NEO1
RGMA,HFE
RGMA,TFR2
MMP12,PLAUR
WNT5B,KLRG2
CD5L,CD5
PIGA,PIGR
GSTO1,RYR1
ADA,DPP4
CEACAM16,TECTA
CEACAM16,TECTB
CD58,CD2
CD59,CD2
ANGPT4,TIE1
ANGPT4,TEK
IRAK4,TLR6
IRAK4,TLR4
IRAK4,TLR7
ALOX5AP,ALOX5
COLQ,MUSK
PLTP,ABCA1
NPNT,ITGA8
NPNT,ITGB1
MEPE,PHEX
COL8A2,SLC4A11
SPTBN2,PTPRA
APOC1,VLDLR
APOC4,VLDLR
ALKAL2,ALK
QRFP,QRFPR
DSPP,ITGB1
SPON2,ITGB2
SPON2,ITGAM
SYTL3,NRXN1
PRG4,CD44
VIM,CD44
CXCL17,GPR35
GDF10,ACVR1B
APELA,APLNR
SEMA3F,EGFR
SEMA3F,ITGB5
SEMA3F,LRP2
SEMA3F,ITGB1
SEMA3F,LRP1
SEMA3F,LRP6
SEMA3F,ITGB3
SEMA3F,ITGAV
SEMA3F,LDLR
DCN,LRP1
DCN,ITGB1
DCN,LRP2
GRN,LRP2
GRN,ITGB1
GRN,LRP1
GRN,ITGB3
GRN,ITGB2
UTS2,ADRB2
UTS2,GRM7
UTS2,ADRA2A
ICAM3,EGFR
ICAM3,ITGAM
ICAM3,LRP1
ICAM3,ITGB1
ICAM3,LRP2
ICAM3,ITGAV
CEACAM1,ITGB1
PRLH,GRM7
PRLH,MTNR1A
FGF4,EGFR
FGF4,LRP2
NTN1,ITGB5
NTN1,ITGA4
NTN1,ITGB1
NTN1,ITGAM
NTN1,LRP6
NTN1,ITGB2
NTN1,ITGAV
NTN1,ITGA6
NTN1,ITGA1
NTN1,ITGA2
NTN1,BMPR2
NTN1,ITGA5
NTN1,ITGA3
NTN1,ITGA9
SCT,GRM7
SCT,MTNR1A
SCT,ADRA2A
EFNB1,GRM7
EFNB1,ITGB2
EFNB1,FGFR2
EFNB1,FGFR4
EFNB1,FGFR1
EFNB1,ITGAM
EFNB1,ITGB3
EFNB1,LRP1
EFNB1,ITGB1
EFNB1,EPHA7
EFNB1,ITGB5
EFNB1,ITGAV
DLL3,ITGB5
DLL3,ITGB1
DLL3,LRP1
DLL3,ITGB3
DLL3,ITGB2
SEMA4G,ITGB2
SEMA4G,EGFR
SEMA4G,ITGB3
SEMA4G,LRP1
SEMA4G,ITGB1
SEMA4G,LRP2
SEMA4G,ITGAV
SEMA4G,ITGA3
EFNA2,ITGB1
EFNA2,LRP1
EFNA2,EGFR
EFNA2,GRM7
EFNA2,FGFR1
EFNA2,FGFR3
EFNA2,FGFR4
EFNA2,FGFR2
EFNA2,EPHB1
EFNA2,EPHB2
FGF22,FGFR3
MADCAM1,LRP1
MADCAM1,ITGB1
MADCAM1,LRP2
OSM,EGFR
OSM,GRM7
TCN2,EGFR
TCN2,ITGB1
TCN2,LRP1
LGALS1,EGFR
NID2,EGFR
NID2,LRP1
GZMB,LRP1
GZMB,ITGB1
GZMB,LRP2
GZMB,GRM7
RSPO4,ITGB1
RSPO4,LRP6
OXT,MTNR1A
OXT,ADRA2A
OXT,GPR84
OXT,ADRB2
OXT,VIPR1
OXT,GPR20
F9,ITGB2
F9,EGFR
F9,ITGB3
F9,ITGB1
F9,LRP2
MMP2,CD44
MMP2,ITGB1
MMP2,ITGB3
MMP2,ITGAM
MMP2,LRP1
MMP2,EGFR
MMP2,ITGB2
CCL22,MTNR1A
CCL17,MTNR1A
CCL17,GRM7
CCL17,ADRA2A
CCL17,GPR20
CCL17,DPP4
CCL17,CXCR3
TG,LDLR
TG,ITGAV
TG,ITGA2
TG,ITGA1
TG,LRP1
TG,ITGB3
TG,ITGB1
TG,CD44
TG,ITGB5
TG,ITGB2
TG,EGFR
PLAT,EGFR
PLAT,ITGB5
PLAT,LRP2
PLAT,ITGB1
PLAT,ITGB3
PLAT,LRP6
PLAT,ITGAV
DKK4,LRP1
LHB,ADRA2A
LHB,GRM7
LHB,MTNR1A
AMH,ITGB1
AMH,LRP2
AMH,ACVR2B
AMH,ACVR2A
EBI3,EGFR
TGFB1,GRM7
TGFB1,NRP1
TGFB1,ITGB2
TGFB1,ERBB4
TGFB1,LRP2
TGFB1,CD44
TGFB1,LRP1
TGFB1,LRP6
TGFB1,ACVR1
TGFB1,ITGAM
TGFB1,ACVR2A
TGFB1,ITGA9
TGFB1,BMPR1B
TGFB1,ACVR1B
TGFB1,BMPR2
TGFB1,ACVR2B
TGFB1,BMPR1A
TGFB1,ERBB3
TGFB1,SDC1
ICAM5,LRP1
ICAM5,LRP2
ICAM5,ITGB1
ICAM5,EGFR
CEACAM5,EGFR
CEACAM5,LRP1
COMP,LRP1
COMP,LRP2
COMP,ITGB5
COMP,EGFR
COMP,ITGAV
COMP,ITGA2
HGF,ITGA2
HGF,ITGA1
HGF,ITGAV
HGF,ERBB3
HGF,ITGA9
HGF,ITGA3
HGF,EGFR
HGF,ITGB2
HGF,NOTCH2
HGF,ITGB5
HGF,LRP2
HGF,LRP1
HGF,ITGB3
LAMB1,ITGB3
LAMB1,ITGAM
LAMB1,LRP5
LAMB1,LRP6
LAMB1,LRP1
LAMB1,LRP2
LAMB1,ITGB5
LAMB1,ITGB2
LAMB1,EGFR
LAMB1,NRP1
LAMB1,ITGA9
LAMB1,ITGA5
WNT16,LRP2
WNT16,ITGB1
WNT16,LRP1
WNT16,LRP6
SERPINE1,ITGB3
SERPINE1,ITGB1
SERPINE1,EGFR
SERPINE1,ITGB2
SERPINE1,LDLR
C5,EGFR
RLN1,GRM7
RLN1,MTNR1A
RLN1,TSHR
WNT3,EGFR
WNT3,ITGB1
WNT3,LRP2
WNT3,ITGB3
WNT3,LRP5
WNT3,FZD2
WNT3,LRP1
WNT3,FZD4
WNT3,FZD3
CCL2,MTNR1A
CCL2,ADRA2A
CCL2,TSHR
CCL2,GPR84
CCL1,MTNR1A
CCL1,GRM7
CCL13,GRM7
CCL13,MTNR1A
CCL13,ADRA2A
CCL13,GPR84
CCL13,TSHR
CCL13,GPR20
CCL13,ADRB2
CCL13,DPP4
CCL13,CCR4
CCL13,CCR10
COL1A1,ITGA2B
COL1A1,MAG
COL1A1,ITGA3
COL1A1,ITGAM
COL1A1,ITGB3
COL1A1,ITGB5
COL1A1,ITGB2
COL1A1,EGFR
EFNB3,EGFR
EFNB3,GRM7
EFNB3,FGFR1
EFNB3,EPHA7
EFNB3,ITGB1
VTN,ITGA4
VTN,LRP2
VTN,CD44
VTN,ITGAM
VTN,ACVR1
VTN,LRP6
VTN,LRP1
VTN,ITGB2
VTN,ERBB2
VTN,NRP1
VTN,EGFR
VTN,BMPR1A
VTN,BMPR2
VTN,LDLR
VTN,ERBB3
VTN,VLDLR
VTN,ITGA1
VTN,ITGA6
IBSP,ITGB1
CXCL6,CXCR3
APOC3,ITGB1
APOC3,DPP4
APOC3,ADRA2A
APOC3,GRM7
APOC3,MTNR1A
APOC3,TSHR
APOC3,ADRB2
APOC3,RAMP3
APOC3,ADCYAP1R1
APOC3,RAMP2
SELPLG,GRM7
SELPLG,EGFR
SELPLG,LRP1
SELPLG,ITGB3
SELPLG,ITGB1
SELPLG,LRP2
SELPLG,ITGB5
LAMA4,ITGB5
LAMA4,LRP2
LAMA4,ITGB3
LAMA4,ITGAM
LAMA4,LRP1
LAMA4,EGFR
LAMA4,ITGB2
LAMA4,LDLR
LAMA4,ITGA1
LAMA4,ITGA2
LAMA4,ITGA9
IL12B,ITGB1
IL4,GRM7
IL4,MTNR1A
IL4,ADRA2A
IL5,MTNR1A
IL5,GRM7
SEMA3G,NRP1
SEMA3G,EGFR
SEMA3G,ITGB1
SEMA3G,LRP2
SEMA3G,LRP1
SEMA3G,ITGAV
LTF,LDLR
LTF,LRP6
LTF,ITGB3
LTF,LRP2
LTF,ITGB1
LTF,EGFR
HRG,EGFR
HRG,ITGB1
HRG,LRP2
HRG,LRP1
TFPI,LRP2
TFPI,ITGB1
TFPI,EGFR
APOB,EGFR
APOB,GRM7
APOB,ERBB4
APOB,FGFR1
APOB,ERBB2
APOB,ITGB1
APOB,CD44
APOB,ITGB5
APOB,ITGA4
APOB,SDC2
APOB,ITGB3
APOB,TLR2
APOB,ITGAV
APOB,ITGA6
APOB,ITGA2
APOB,ITGA3
APOB,GPC1
APOB,TLR1
PROC,ITGAV
PROC,ITGB3
PROC,LRP1
PROC,LRP2
PROC,ITGB1
PROC,EGFR
ANGPTL1,EGFR
APOA1,ITGB1
FGF23,ITGB1
FGF23,EGFR
FGF23,GRM7
TGFB3,EGFR
TGFB3,ITGB2
TGFB3,CD44
TGFB3,ACVR1
TGFB3,ITGAV
TGFB3,LDLR
TGFB3,BMPR2
TGFB3,BMPR1A
TGFB3,ACVR2B
TGFB3,BMPR1B
TGFB3,ACVR2A
IAPP,ACKR2
IAPP,GRM7
IAPP,MTNR1A
IAPP,ADRA2A
TNFSF10,EGFR
INHBA,LRP1
INHBA,LRP6
INHBA,ITGAM
INHBA,CD44
INHBA,LRP2
INHBA,BMPR2
INHA,ACVR1B
INHA,EGFR
EREG,LRP1
EFNB2,EPHA7
EFNB2,EGFR
EFNB2,GRM7
EFNB2,ERBB4
EFNB2,FGFR1
EFNB2,ERBB2
EFNB2,ITGAV
EFNB2,ITGA1
BMP4,ITGAV
BMP4,ACVR2B
BMP4,ACVR2A
BMP4,ITGB1
BMP4,LRP1
BMP4,ACVR1
PSPN,GRM7
PSPN,MTNR1A
PSPN,ADRA2A
C3,EGFR
C3,ADRB2
C3,ITGB1
C3,ITGB5
C3,LRP2
C3,ITGA3
C3,ITGA5
C3,ITGA1
C3,ITGA2
VASP,ITGB1
GDF1,ACVR1
GDF1,EGFR
LIF,EGFR
TPH1,EGFR
TPH1,ADRA2A
TPH1,MTNR1A
TPH1,ADRB2
TPH1,ITGAM
TPH1,TLR4
TPH1,HRH4
APOE,ITGAV
APOE,ITGB3
APOE,ITGB1
APOE,CD44
APOE,ADRB2
APOE,ITGB2
APOE,MTNR1A
APOE,GRM7
APOE,ADRA2A
APOE,EGFR
APOC2,GRM7
BMP15,EGFR
BMP15,ITGB1
BMP15,ACVR2B
EPO,GRM7
LAMA5,EGFR
LAMA5,ITGB2
LAMA5,LRP2
LAMA5,ITGB5
LAMA5,ITGB3
LAMA5,ITGAV
LAMA5,ITGA1
JAG1,LRP1
JAG1,ITGB1
JAG1,EGFR
NTS,GRM7
NTS,ADRA2A
TSHB,ADRA2A
TSHB,GRM7
TSHB,MTNR1A
FST,ITGB1
GRP,MTNR1A
GRP,RAMP3
GRP,GPR20
GRP,TSHR
SPX,MTNR1A
SPX,GRM7
SPX,ADRA2A
DSC1,EGFR
DSC1,LRP2
DSC1,CD44
DSC1,LRP1
SEMA6A,ITGB1
LACRT,GRM7
GDF11,EGFR
GDF11,ITGB1
GDF11,LRP2
GDF11,LRP1
GDF11,ACVR1
LAMC1,LRP5
LAMC1,LRP6
LAMC1,ITGAM
LAMC1,ITGB3
LAMC1,LRP1
LAMC1,LRP2
LAMC1,ITGB5
LAMC1,EGFR
LAMC1,NRP1
LAMC1,ITGA5
LAMC1,ITGA9
IL1RN,GRM7
IL1RN,EGFR
IL1RN,LRP1
CFC1,ITGB1
CFC1,EGFR
CFC1,ACVR2B
CCN3,EGFR
CCN3,NOTCH2
CCL21,GPR84
CCL21,VIPR1
CCL21,ADRB2
CCL21,PTH1R
CCL21,ADCYAP1R1
CCL21,ACKR1
CCL21,CCR2
CCL21,CCR3
CCL27,CCR3
CCL27,CXCR3
CCL27,CCR2
CCL27,ACKR1
CCL27,ADRB3
TGS1,EGFR
TGS1,LRP1
TGS1,ITGB3
TGS1,ITGB1
TGS1,ITGB5
TGS1,CD44
MMP7,ITGB1
MMP7,LRP1
MMP7,EGFR
MMP7,GRM7
THBS1,NRP1
THBS1,EGFR
THBS1,ITGB2
THBS1,SDC2
THBS1,LRP6
THBS1,ITGAM
THBS1,ITGB6
THBS1,LRP2
THBS1,ITGB5
THBS1,ITGA5
THBS1,ITGA1
THBS1,ITGA2
THBS1,ITGAV
THBS1,ITGA9
ADAM10,ITGA9
ADAM10,GPC1
ADAM10,ITGA3
ADAM10,ITGB4
ADAM10,BMPR1B
ADAM10,NRXN1
ADAM10,ITGAV
ADAM10,SDC1
ADAM10,ITGA6
ADAM10,ITGA2
ADAM10,ITGA1
ADAM10,PLAUR
ADAM10,ITGA5
ADAM10,KDR
ADAM10,CD93
ADAM10,ACVR1B
ADAM10,TEK
ADAM10,BMPR2
ADAM10,BMPR1A
ADAM10,VLDLR
ADAM10,ERBB3
ADAM10,LDLR
ADAM10,SDC4
ADAM10,ITGB5
ADAM10,NOTCH3
ADAM10,ITGA4
ADAM10,LRP2
ADAM10,ITGB6
ADAM10,ITGAM
ADAM10,SMAD3
ADAM10,ITGB3
ADAM10,ACVR1
ADAM10,LRP5
ADAM10,SDC2
ADAM10,LRP1
ADAM10,ITGB2
ADAM10,ERBB4
ADAM10,FGFR1
ADAM10,FGFR3
ADAM10,FGFR2
ADAM10,FGFR4
ADAM10,ERBB2
ADAM10,ADRB2
ADAM10,EGFR
ADAM10,NRP2
ADAM10,ADRA2A
ADAM10,NRP1
ADAM10,GRM7
MSTN,ITGB1
COL8A1,ITGB1
VWF,NOTCH3
VWF,LRP6
VWF,ITGAM
VWF,EGFR
VWF,NOTCH2
VWF,NOTCH1
VWF,ITGB2
VWF,ITGA5
VWF,ITGA6
VWF,SDC1
VWF,ITGAV
VWF,ITGA3
VWF,ITGA9
CDH1,ITGA3
CDH1,ITGAV
CDH1,ITGA6
CDH1,ITGA1
CDH1,ITGA2
CDH1,ITGA5
CDH1,ITGA2B
CDH1,LDLR
CDH1,VLDLR
CDH1,BMPR2
CDH1,ITGB2
CDH1,ERBB2
CDH1,GRM7
CDH1,NRP1
CDH1,ITGAM
CDH1,LRP1
CDH1,ITGB5
CDH1,ITGA4
CDH1,LRP2
CDH1,CD44
SEMA7A,LRP2
SEMA7A,LRP1
SEMA7A,ITGB3
SEMA7A,EGFR
SEMA7A,ITGB2
SEMA7A,ITGAV
ANOS1,EGFR
TIMP2,LRP1
TIMP2,LRP2
LGALS3BP,LRP1
IL1A,EGFR
IL1B,EGFR
IL1B,LRP2
MIA,GRM7
LCN1,GRM7
LCN1,ADRA2A
CNTN3,EGFR
CNTN3,LRP2
CNTN3,ITGB1
CNTN3,LRP1
CNTN3,ITGAV
FARP2,LRP1
FARP2,ITGB1
FARP2,LRP2
FARP2,EGFR
LAMC2,EGFR
LAMC2,ITGB2
LAMC2,LRP2
LAMC2,ITGB5
LAMC2,LRP1
LAMC2,ITGB3
LAMC2,LRP6
LAMC2,ITGAM
LAMC2,ITGAV
LAMC2,ITGA1
LAMC2,ITGA5
LAMC2,ITGA9
NID1,ITGA9
NID1,ITGA5
NID1,ITGA2
NID1,ITGA6
NID1,ITGAM
NID1,LRP1
NID1,ITGB5
NID1,LRP2
NID1,CD44
NID1,ITGB2
NID1,EGFR
NMU,ADRB2
IL21,GRM7
IL21,MTNR1A
FGF2,EGFR
FGF2,ITGB1
FGF2,BMPR2
FGF2,BMPR1A
FGF2,ACVR2B
FGF2,ACVR2A
WNT5A,FZD10
WNT5A,ACVR2A
WNT5A,TGFBR3
WNT5A,ITGA9
WNT5A,ITGA3
WNT5A,ACVR2B
WNT5A,BMPR1A
WNT5A,BMPR1B
WNT5A,ACVR1B
WNT5A,BMPR2
WNT5A,VLDLR
WNT5A,ITGA6
WNT5A,ITGA1
WNT5A,ITGAV
WNT5A,ITGA2
WNT5A,ITGB1
WNT5A,ITGB5
WNT5A,CD44
WNT5A,ITGAM
WNT5A,ITGB3
WNT5A,EGFR
WNT5A,GRM7
WNT5A,NRP1
WNT5A,ADRA2A
WNT5A,ERBB2
WNT5A,TSHR
WNT5A,ITGB2
WNT5A,ERBB4
WNT5A,FGFR2
FGF10,FGFR3
FGF10,GRM7
ICAM1,LRP1
ICAM1,CD44
ICAM1,ITGB5
ICAM1,LRP2
ICAM1,ITGB1
ICAM1,ITGAV
ICAM1,ITGA5
OLFM2,EGFR
F13A1,EGFR
F13A1,CD44
F13A1,ITGB3
F13A1,ITGA2
KNG1,ITGA2
KNG1,ITGAV
KNG1,ITGA1
KNG1,ITGA5
KNG1,KDR
KNG1,TLR4
KNG1,ITGA3
KNG1,ITGA9
KNG1,ITGB3
KNG1,LRP1
KNG1,CD44
KNG1,ITGA4
KNG1,ITGB5
KNG1,LRP2
KNG1,ITGB1
KNG1,EGFR
KNG1,FGFR1
KNG1,FGFR2
KNG1,MET
KNG1,ERBB2
VCAN,ITGB2
VCAN,LRP2
VCAN,LRP1
VCAN,ITGAM
VCAN,TLR4
VCAN,LDLR
VCAN,ITGA1
VCAN,ITGA6
VCAN,ITGAV
VCAN,ITGA2
TNC,ITGA6
TNC,ITGA1
TNC,ITGA2B
TNC,ITGA3
TNC,ITGAM
TNC,LRP2
TNC,ITGB5
TNC,CD44
TNC,ITGB2
EGF,ITGB2
EGF,MET
EGF,FGFR2
EGF,NOTCH1
EGF,NOTCH2
EGF,CD44
EGF,ITGB5
EGF,ITGB1
EGF,ITGAM
EGF,LRP6
EGF,ITGB3
EGF,LRP1
EGF,SDC2
EGF,ITGA3
EGF,ITGA9
EGF,ITGB4
EGF,KDR
EGF,ITGA5
EGF,VLDLR
EGF,ITGA1
EGF,ITGA6
EGF,ITGAV
EGF,ITGA2
SEMA3C,ITGAV
SEMA3C,ITGAM
SEMA3C,EGFR
SEMA3A,EGFR
SEMA3A,ERBB2
SEMA3A,ITGB3
SEMA3A,LRP1
SEMA3A,ITGB1
SEMA3A,ITGB5
SEMA3A,CD44
SEMA3A,LRP2
SEMA3A,ITGAV
WNT2,LRP1
WNT2,ITGB3
WNT2,ITGB2
GAL,PTH1R
GAL,VIPR1
GAL,RAMP3
GAL,GPR20
ADAM2,ITGB2
ADAM2,EGFR
ADAM2,ITGB3
ADAM2,ITGAM
ADAM2,LRP1
ADAM2,LRP2
ADAM2,CD44
ADAM2,ITGB5
ADAM2,ITGAV
ADAM2,ITGA2
ADAM28,ITGA9
SLIT1,ITGB1
TIMP3,ITGB1
INHBE,ITGB1
INHBE,EGFR
LUM,LRP2
DHH,EGFR
MFGE8,EGFR
MFGE8,LRP2
MFGE8,ITGB1
MFGE8,LRP1
IGFBP4,GRM7
PTH2,GRM7
PTH2,ADRA2A
PTH2,MTNR1A
PTH2,CCR3
PTH2,CXCR3
PROK1,MTNR1A
PROK1,ADRA2A
PROK1,GRM7
CGN,ITGB3
CGN,ITGB1
CGN,LRP2
CGN,LDLR
LEFTY1,ITGB1
GDF7,EGFR
GDF7,BMPR1B
GDF7,ACVR2B
CALM2,RYR2
CALM2,PHEX
CALM2,ABCA1
CALM2,VLDLR
CALM2,LDLR
CALM2,TFRC
CALM2,KDR
CALM2,FLT4
CALM2,CCR3
CALM2,CCR5
CALM2,ITGAV
CALM2,SDC1
CALM2,NPR3
CALM2,CNGA2
CALM2,TRPM2
CALM2,ACVR2A
CALM2,SCTR
CALM2,KCNN4
CALM2,MIP
CALM2,GLP2R
CALM2,ITGA3
CALM2,HMMR
CALM2,RYR1
CALM2,FAS
CALM2,OPRM1
CALM2,SCN8A
CALM2,GRM3
CALM2,TRPC3
CALM2,PTPRA
CALM2,CRHR1
CALM2,PTH2R
CALM2,DYSF
CALM2,PLD1
CALM2,ESR1
CALM2,TRPM3
CALM2,TRAF2
CALM2,HTR2C
CALM2,ADRA2A
CALM2,MTNR1A
CALM2,ITGB2
CALM2,ERBB4
CALM2,ADCYAP1R1
CALM2,RAMP2
CALM2,FGFR4
CALM2,FGFR1
CALM2,GPR20
CALM2,RAMP3
CALM2,VIPR1
CALM2,ADRB2
CALM2,ERBB2
CALM2,TSHR
CALM2,ITGB1
CALM2,LGR4
CALM2,LRP2
CALM2,CXCR2
CALM2,CD44
CALM2,ITGB3
CALM2,LHCGR
CALM2,SDC2
CALM2,ACKR1
CALM2,DPP4
LRIG1,LRP1
LRIG1,ITGB5
LRIG1,LRP2
LRIG1,ITGB1
LRIG1,ITGAV
LRIG1,ITGA2
UCN2,ADRB3
UCN2,GPR84
UCN2,ADRB2
UCN2,GPR20
UCN2,MTNR1A
UCN2,ADRA2A
MEGF10,LRP1
IL9,GRM7
CRH,GRM7
CRH,ADRA2A
RSPO2,LRP6
RSPO2,ITGB1
LIN7C,LRP2
LIN7C,ADRA2A
LIN7C,MTNR1A
LIN7C,GRM7
LIN7C,EGFR
SERPING1,EGFR
SERPING1,LRP1
GPHA2,GRM7
CTF1,EGFR
IL18,GRM7
IL18,ADRB2
PTH,GRM7
PTH,MTNR1A
PTH,ADRA2A
PTH,DPP4
PTH,ACKR2
PTH,LRP2
PTH,CXCR3
BMP3,ACVR2A
BMP3,EGFR
BMP6,ITGB1
BMP6,ACVR2B
BMP6,ACVR1B
SEMA3D,ITGAV
SEMA3D,ITGB1
SEMA3D,LRP1
SEMA3D,EGFR
WNT3A,EGFR
WNT3A,ADRB2
WNT3A,ITGB3
WNT3A,ITGB1
WNT3A,LRP2
WNT3A,ROR2
WNT3A,FZD4
WNT3A,FZD9
APP,LRP4
APP,RET
APP,FLT1
APP,NRXN1
APP,INSR
APP,PTPRA
APP,TIE1
APP,NRXN3
APP,ITGA3
APP,ACVR2A
APP,ITGB4
APP,CACNA1C
APP,ITGA9
APP,ACVR2B
APP,ACVR1B
APP,BMPR2
APP,BMPR1B
APP,BMPR1A
APP,TFRC
APP,ERBB3
APP,SDC4
APP,TLR4
APP,LRP8
APP,CD93
APP,FLT4
APP,ITGA5
APP,KDR
APP,ITGA2B
APP,LDLR
APP,PDGFRB
APP,PLAUR
APP,ITGA2
APP,ITGAV
APP,SDC1
APP,ITGA6
APP,LRP2
APP,ITGB7
APP,ALK
APP,ITGA4
APP,CD44
APP,ITGB5
APP,ITGB1
APP,ITGB3
APP,TGFBR1
APP,ITGB6
APP,LRP5
APP,ENG
APP,ITGAM
APP,SDC2
APP,ADRB2
APP,ERBB2
APP,NOTCH1
APP,TSHR
APP,FGFR1
APP,FGFR3
APP,FGFR4
APP,FGFR2
APP,ITGAD
APP,ERBB4
APP,MET
APP,ITGB2
APP,EGFR
APP,NRP1
APP,NRP2
WNT7A,ITGB2
WNT7A,LRP1
WNT7A,FZD2
WNT7A,LRP5
WNT7A,ITGB1
WNT7A,LRP2
WNT7A,FZD1
WNT7A,FZD7
WNT7A,FZD8
WNT7A,FZD4
WIF1,LRP1
ADAMTS3,EGFR
CXCL13,ADRB3
CXCL13,ADRB2
CXCL13,GPR20
CXCL13,CCR4
CXCL13,CCR2
CXCL13,ACKR1
CXCL13,CXCR2
CXCL13,CCR3
GDF6,ITGB1
GDF6,ACVR1
NODAL,ACVR1
NODAL,ITGB1
NODAL,BMPR1A
NODAL,BMPR1B
SST,CXCR3
SST,CCR3
SST,CCR5
SST,ACKR1
SST,ACKR2
SST,CCR2
SST,GPR20
SST,RAMP3
SST,VIPR1
SST,ADRB2
SST,ADRB3
SST,GPR84
SST,PTH1R
SST,ADCYAP1R1
WNT4,ITGB2
WNT4,EGFR
WNT4,LRP1
WNT4,LRP6
WNT4,ITGB1
WNT4,FZD5
WNT4,FZD7
WNT4,FZD4
WNT4,FZD9
AGRP,GRM7
CALM3,ADRA2A
CALM3,MTNR1A
CALM3,ITGB2
CALM3,ERBB4
CALM3,ADCYAP1R1
CALM3,RAMP2
CALM3,FGFR1
CALM3,FGFR4
CALM3,ERBB2
CALM3,TSHR
CALM3,ADRB2
CALM3,RAMP3
CALM3,VIPR1
CALM3,GPR20
CALM3,LGR4
CALM3,ITGB1
CALM3,LRP2
CALM3,CXCR2
CALM3,CD44
CALM3,LHCGR
CALM3,ITGB3
CALM3,SDC2
CALM3,DPP4
CALM3,ACKR1
CALM3,HTR2C
CALM3,TRAF2
CALM3,PTH2R
CALM3,PLPP6
CALM3,CRHR1
CALM3,DYSF
CALM3,TRPM3
CALM3,PLD1
CALM3,ITGA3
CALM3,OPRM1
CALM3,HMMR
CALM3,RYR1
CALM3,FAS
CALM3,GRM3
CALM3,TRPC3
CALM3,PTPRA
CALM3,SCN8A
CALM3,NPR3
CALM3,CNGA2
CALM3,TRPM2
CALM3,SCTR
CALM3,ACVR2A
CALM3,GLP2R
CALM3,MIP
CALM3,KCNN4
CALM3,ABCA1
CALM3,PHEX
CALM3,VLDLR
CALM3,TFRC
CALM3,LDLR
CALM3,KDR
CALM3,FLT4
CALM3,CCR5
CALM3,CCR3
CALM3,SDC1
CALM3,ITGAV
S100A1,GRM7
S100A1,EGFR
SCGB3A1,GRM7
HCRT,GRM7
HCRT,ADRA2A
HCRT,GPR20
HCRT,TSHR
HCRT,ADRB3
HCRT,GPR84
HCRT,PTH1R
SHANK1,ERBB2
SHANK1,EGFR
SHANK1,ITGB5
SHANK1,ITGB1
SHANK1,ITGA1
SHANK1,ITGA2
SHANK1,ITGA3
WNT1,FZD4
WNT1,ITGB1
WNT1,LRP2
WNT1,LRP1
WNT1,ITGB3
WNT1,FZD2
WNT1,EGFR
WNT1,ADRA2A
WNT1,ITGB2
TNFSF12,EGFR
FGF11,EGFR
FGF11,ITGB1
NTN3,ITGB1
NTN3,LRP1
FGF19,ITGB1
FGF19,LRP2
FGF19,EGFR
FGF19,GRM7
VCAM1,EGFR
VCAM1,ERBB2
VCAM1,LRP2
VCAM1,ITGB5
VCAM1,CD44
VCAM1,LRP1
VCAM1,ITGAM
VCAM1,LRP6
VCAM1,ITGB3
VCAM1,TLR4
VCAM1,ITGA5
VCAM1,ITGA2
VCAM1,ITGAV
VCAM1,ITGA6
VCAM1,ITGA1
ARPC5,EGFR
INHBB,EGFR
INHBB,ITGB2
INHBB,ITGB3
INHBB,LRP1
INHBB,ITGB5
INHBB,LRP2
INHBB,ITGB1
INHBB,BMPR1B
INHBB,BMPR2
BMP10,ACVR2B
BMP10,ITGB1
BMP10,ITGB2
BMP10,EGFR
COL6A3,EGFR
COL6A3,LRP2
COL6A3,ITGB5
COL6A3,LRP1
COL6A3,ITGB3
COL6A3,ITGA6
COL6A3,ITGAV
COL6A3,ITGA3
PROK2,GRM7
PROK2,ADRA2A
PROK2,MTNR1A
IHH,EGFR
IHH,ITGAM
IHH,LRP1
IHH,LRP2
IHH,CD44
IHH,ITGAV
CXCL3,ACKR1
CXCL5,ACKR2
CXCL5,CXCR3
PPBP,DPP4
PPBP,VIPR1
PPBP,ADRB2
PF4,GPR20
PF4,ADRB2
PF4,TSHR
PF4,DPP4
PF4,ACKR2
PF4,LRP2
PF4,CCR3
UCN,ADRB2
UCN,GPR20
UCN,VIPR1
UCN,GRM7
UCN,MTNR1A
UCN,ADRA2A
LIPH,EGFR
LIPH,ITGB1
LIPH,LRP1
MELTF,LRP1
MELTF,ITGB1
MELTF,LRP2
MELTF,ITGB2
CAMP,ADRB2
CAMP,GRM7
CAMP,ADRA2A
CAMP,MTNR1A
CAMP,LRP2
CAMP,LRP1
SCGB3A2,GRM7
CSF2,GRM7
CSF2,EGFR
CSF2,ADRB2
CSF2,RAMP2
CSF2,LRP2
CSF2,LDLR
SHH,LDLR
SHH,ERBB3
SHH,ITGAV
SHH,ITGA3
SHH,ACVR2A
SHH,CD44
SHH,ITGB1
SHH,LRP1
SHH,ITGAM
SHH,ITGB3
SHH,FGFR3
SHH,ITGB2
SHH,ERBB4
SHH,ERBB2
SHH,GRM7
SHH,EGFR
SHH,NRP1
COL1A2,EGFR
COL1A2,LRP1
COL1A2,ITGB5
COL1A2,ITGA3
COL1A2,MAG
COL1A2,DDR1
COL14A1,ITGA2
COL14A1,LRP2
COL14A1,ITGB1
COL14A1,LRP1
VEGFD,LRP1
VEGFD,ITGB3
VEGFD,ITGAM
VEGFD,LRP5
VEGFD,LRP6
VEGFD,LRP2
VEGFD,ITGB5
VEGFD,NRP1
VEGFD,NOTCH1
VEGFD,ITGB2
VEGFD,ITGAV
VEGFD,LDLR
VEGFD,ERBB3
VEGFD,ITGA3
ARF6,EGFR
JAM3,EGFR
HSP90B1,GRM7
HSP90B1,ITGB2
HSP90B1,LRP2
HSP90B1,CD44
HSP90B1,ITGB1
HSP90B1,ITGB3
HSP90B1,LDLR
HSP90B1,ITGAV
COL6A2,ITGAV
COL6A2,ITGB3
COL6A2,LRP1
COL6A2,ITGB5
COL6A2,EGFR
ANGPTL4,EGFR
ANGPTL4,LRP2
ANGPTL4,ITGB1
ANGPTL4,LRP1
FADD,GRM7
PNOC,TSHR
CCL11,ADRA2A
CCL11,MTNR1A
CCL11,CCR4
CCL11,CCR10
CCL11,CCR1
NRTN,GRM7
IGF1,LRP6
IGF1,ITGB1
INSL5,ADRB3
INSL5,TSHR
INSL5,GPR84
INSL5,ADRB2
INSL5,VIPR1
INSL5,GPR20
INSL5,ADCYAP1R1
IL16,DCC
IL16,FGFR2
IL16,ERBB4
IL16,ADRB2
IL16,ERBB2
IL16,EGFR
IL16,ADRA2A
IL16,ITGB1
IL16,LRP2
IL16,CD44
IL16,LRP6
IL16,ITGAM
IL16,ITGB3
IL16,LRP1
IL16,ITGA2
IL16,ITGAV
IL16,ITGA6
IL16,ERBB3
IL16,ABCA1
IL16,FLT4
IL16,CD93
IL16,ITGA5
IL16,ITGA3
IL16,ADGRL1
IL16,SDC3
IL16,GPC1
IL16,CACNA1C
HSPA4,ITGB1
PCSK9,ITGB1
PCSK9,ITGB3
PCSK9,EGFR
PCSK9,ITGB2
PCSK9,ITGAV
SEMA3E,ITGAV
SEMA3E,EGFR
SEMA3E,ITGAM
SEMA3E,LRP1
CD14,LRP1
CD14,LRP2
CD14,EGFR
CD14,LDLR
COL3A1,CD93
COL3A1,ITGA1
COL3A1,ITGB3
IL13,GRM7
IL13,TSHR
NLGN2,EGFR
NLGN2,ITGAV
NLGN2,LRP1
CXCL10,CCR2
CXCL10,ACKR2
CXCL10,ACKR1
CXCL10,CCR8
CXCL10,RAMP2
CXCL10,ADRB3
CXCL10,GPR84
CXCL10,GPR20
CXCL10,VIPR1
CXCL10,CCR1
CXCL10,CCR5
BMP1,ITGA2
BMP1,ITGA1
BMP1,LDLR
BMP1,EGFR
BMP1,ITGAV
BMP1,LRP1
BMP1,LRP2
BMP1,CD44
BMP1,ITGB5
FGB,ITGB5
FGB,LRP2
FGB,LRP1
FGB,EGFR
FGB,ITGA2
FGA,ITGA2
FGA,ITGA1
FGA,ITGA6
FGA,ITGA3
FGA,EGFR
FGA,LRP1
FGA,LRP2
FGA,ITGB5
FGA,CD44
FGA,ITGA4
CXCL8,ACKR2
CXCL8,DPP4
CXCL8,CCR2
CXCL8,RAMP2
CXCL8,ADCYAP1R1
CXCL8,VIPR1
CXCL8,GPR20
CXCL8,ADRB2
CXCL8,TSHR
CXCL8,CCR3
CXCL8,CXCR3
CXCL8,SDC4
SEMA4C,LRP2
SEMA4C,ITGB1
SEMA4C,LRP1
CXCL11,CCR2
CXCL11,ACKR2
CXCL11,CCR4
CXCL11,CCR8
CXCL11,GPR20
CXCL11,CCR5
CXCL11,CCR1
HAS2,EGFR
NPTX1,EGFR
RGMB,EGFR
RGMB,LRP1
RGMB,ITGB1
RGMB,LRP2
RGMB,CD44
F2,ITGB1
F2,LRP1
F2,ITGAM
F2,ITGAV
F2,ITGB3
F2,SDC2
F2,ITGB2
F2,MTNR1A
F2,ITGA5
F2,ITGA3
INHBC,EGFR
CCL19,GPR20
CCL19,VIPR1
CCL19,GPR84
CCL19,CCR2
CCL19,CCR4
CCL19,ACKR1
CCL19,CCR8
CCL19,CXCR2
CCL19,CCR3
PLG,ITGA2
PLG,ITGA6
PLG,ITGA1
PLG,ITGA5
PLG,ERBB3
PLG,ITGA3
PLG,CD44
PLG,ITGA4
PLG,ITGB5
PLG,LRP1
PLG,LRP2
PLG,SDC2
PLG,ITGB3
PLG,ITGB6
PLG,ITGAV
PLG,LRP5
PLG,ERBB2
PLG,EGFR
PLG,MET
PLG,NRP1
CSHL1,PRLR
LPL,LDLR
LPL,NRP1
LPL,EGFR
LPL,ITGB2
LPL,LRP6
LPL,ITGAV
LPL,ITGB3
LPL,ITGB1
LPL,ITGB5
EFEMP2,EGFR
ADAM17,EGFR
ADAM17,ERBB2
ADAM17,NOTCH2
ADAM17,NRP1
ADAM17,ITGB5
ADAM17,ITGA4
ADAM17,CD44
ADAM17,LRP2
ADAM17,LRP1
ADAM17,ITGB3
ADAM17,ITGAV
ADAM17,ITGAM
ADAM17,LDLR
ADAM17,ITGA2B
ADAM17,BMPR2
ADAM17,ITGA1
ADAM17,ITGA6
ADAM17,ITGA2
ADAM17,ITGA3
ADAM17,NRXN1
ADAM17,ITGA9
VEGFB,ITGB1
FGF5,EGFR
GNAI2,ERBB4
GNAI2,ITGB2
GNAI2,ADCYAP1R1
GNAI2,RAMP2
GNAI2,PRLHR
GNAI2,FGFR4
GNAI2,FGFR1
GNAI2,ERBB2
GNAI2,GPR84
GNAI2,ADRB3
GNAI2,VIPR1
GNAI2,RAMP3
GNAI2,GPR20
GNAI2,ADRB2
GNAI2,FPR3
GNAI2,GRM7
GNAI2,LGR4
GNAI2,LGR5
GNAI2,OXTR
GNAI2,CD44
GNAI2,CXCR4
GNAI2,ITGAM
GNAI2,ENG
GNAI2,ACVR1
GNAI2,CCR2
GNAI2,SDC2
GNAI2,ACKR2
GNAI2,CCR4
GNAI2,ITGA9
GNAI2,MAS1
GNAI2,HRH4
GNAI2,GLP2R
GNAI2,CCR7
GNAI2,ACVR2A
GNAI2,BDKRB1
GNAI2,SCTR
GNAI2,OPRK1
GNAI2,PTGDR
GNAI2,GHRHR
GNAI2,MC2R
GNAI2,RXFP4
GNAI2,INSR
GNAI2,CXCR5
GNAI2,SSTR5
GNAI2,FPR2
GNAI2,HTR4
GNAI2,HTR6
GNAI2,HTR1B
GNAI2,SCARB1
GNAI2,HTR1A
GNAI2,HTR1D
GNAI2,HTR2C
GNAI2,IL1RL2
GNAI2,CD151
GNAI2,FSHR
GNAI2,HRH2
GNAI2,ITGA3
GNAI2,LPAR1
GNAI2,CCR6
GNAI2,TLR9
GNAI2,RXFP3
GNAI2,SCN8A
GNAI2,GLP1R
GNAI2,NPY5R
GNAI2,AGTR1
GNAI2,RXFP2
GNAI2,FZD7
GNAI2,PLAUR
GNAI2,CCR1
GNAI2,CCR3
GNAI2,HTR2A
GNAI2,CD36
GNAI2,FZD4
GNAI2,ACVR2B
GNAI2,ERBB3
GNAI2,TLR2
GNAI2,CALCR
GNAI2,TLR4
GNAI2,FLT4
GNAI2,CD47
GNAI2,ITGA2B
GNAI2,CCR9
GNAI2,ITGA5
ANGPT2,LRP1
ANGPT2,ITGB1
ANGPT2,LRP2
ANGPT2,EGFR
CSH1,GHR
PKM,EGFR
CALR,EGFR
CALR,FGFR4
CALR,FGFR3
CALR,GRM7
CALR,ADRA2A
CALR,LRP2
CALR,ITGB1
CALR,ITGB3
CALR,ITGA5
CALR,LDLR
DEFB103A,ADRA2A
TAC1,ADRA2A
TAC1,MTNR1A
TAC1,GRM7
TAC1,PTH1R
TAC1,ADRB2
TAC1,VIPR1
LPA,EGFR
LPA,ITGB3
LPA,ITGAV
LPA,ITGB1
LPA,LRP1
LPA,ITGB5
LPA,ITGA2
MMP1,ITGB1
PENK,RAMP2
PENK,ADRB2
LAMA3,EGFR
LAMA3,ITGB2
LAMA3,LRP2
LAMA3,LRP1
LAMA3,ITGB5
LAMA3,ITGAV
LAMA3,ITGB3
LAMA3,LRP6
LAMA3,ITGA2
LAMA3,ITGA6
LAMA3,ITGA1
LAMA3,LDLR
SEMA6D,ITGA1
SEMA6D,PLXNA4
SEMA6D,ITGAM
SEMA6D,ITGAV
SEMA6D,ITGB1
SEMA6D,EGFR
SEMA6D,FGFR2
SEMA6D,ERBB2
WNT11,FZD2
FBN1,ITGAM
FBN1,LRP2
FBN1,LRP1
FBN1,ITGB5
FBN1,EGFR
FBN1,ITGB2
FBN1,ITGA3
FBN1,ITGA9
FBN1,ITGA1
FBN1,ITGA6
FBN1,ITGA2
PSEN1,EGFR
PSEN1,LRP1
BMP8A,ITGB1
BMP8A,ACVR1
BMP8A,PLAUR
BMP8A,ACVR2B
BMP8A,ACVR2A
CSF1,ITGB1
JAG2,EGFR
EFNA5,EGFR
EFNA5,FGFR2
EFNA5,FGFR1
EFNA5,FGFR4
EFNA5,FGFR3
EFNA5,EPHB3
EFNA5,GRM7
EFNA5,NRP1
EFNA5,LRP2
EFNA5,LRP1
NXPH3,LRP1
NXPH3,ITGB1
NXPH3,EGFR
SERPINA7,LRP1
NPW,ADRB3
CNTN2,EGFR
CNTN2,ITGB2
CNTN2,LRP1
CNTN2,ITGB1
CNTN2,LRP2
CNTN2,CD44
CNTN2,ITGA4
CNTN2,ITGAV
CNTN2,ITGB3
CNTN2,ITGA5
CNTN2,ITGA2
CNTN2,ITGA1
BCAN,LRP2
BCAN,LRP1
GAST,ADRA2A
GAST,GRM7
GAST,MTNR1A
FBLN1,EGFR
FBLN1,LRP1
CALCA,ACKR2
CALCA,GRM7
CALCA,ADRA2A
COL4A5,ITGB3
COL4A5,ITGA3
SLIT3,EGFR
PMCH,ADRB2
COL7A1,ITGB3
COL7A1,ITGA1
NPB,ADRB2
NPB,GPR20
NPB,ADRB3
NPB,RAMP2
NPB,VIPR1
GH2,PRLR
BTLA,EGFR
BTLA,LRP1
BTLA,ITGB1
TAC4,ADRB3
TAC4,GPR20
TAC4,ADRA2A
TAC4,MTNR1A
TAC4,GRM7
FGF3,GRM7
GHRL,MTNR1A
GHRL,GRM7
GHRL,ADRA2A
GHRL,GPR20
GHRL,RAMP3
GHRL,ADRB2
GHRL,ADRB3
GHRL,TSHR
GHRL,GPR84
GHRL,RAMP2
GHRL,ADCYAP1R1
GHRL,PTH1R
GHRL,ACKR2
GHRL,ACKR1
GHRL,CXCR3
GHRL,CCR3
GHRL,RXFP4
HSP90AA1,LDLR
HSP90AA1,TLR4
HSP90AA1,ITGAV
HSP90AA1,LRP2
HSP90AA1,CD44
HSP90AA1,ITGB5
HSP90AA1,ITGB2
HSP90AA1,GRM7
FGG,ITGB5
FGG,LRP2
FGG,ITGAM
CXCL14,GRM7
CXCL14,MTNR1A
CXCL14,ADRA2A
CXCL14,ADRB2
EDN3,GRM7
RTN4,ERBB2
RTN4,ERBB4
RTN4,EGFR
RTN4,CD44
RTN4,TLR4
RTN4,LDLR
RTN4,GPC1
DMP1,ITGB1
NTN4,ITGB1
NTN4,LRP1
NTN4,EGFR
WNT7B,LRP1
WNT7B,FZD2
WNT7B,LRP6
WNT7B,ITGB1
WNT7B,LRP2
WNT7B,FZD9
WNT7B,FZD7
WNT7B,FZD8
WNT7B,FZD5
PTN,LRP2
PTN,ITGB1
PTN,GRM7
PTN,ADRA2A
COL9A3,CD93
ICAM4,EGFR
ICAM4,LRP2
ICAM4,ITGB5
ICAM4,LRP1
TNFSF13,EGFR
HMGB1,TSHR
HMGB1,MTNR1A
FN1,GRM7
FN1,ERBB2
FN1,EPHB2
FN1,NOTCH4
FN1,NOTCH2
FN1,NOTCH1
FN1,EGFR
FN1,MET
FN1,ITGB2
FN1,ERBB4
FN1,ITGAD
FN1,LRP1
FN1,LRP6
FN1,ITGAM
FN1,NOTCH3
FN1,ITGB5
FN1,LRP2
FN1,CD93
FN1,KDR
FN1,CD47
FN1,TLR4
FN1,VLDLR
FN1,ERBB3
FN1,SDC4
FN1,BMPR2
FN1,ITGA1
FN1,SDC1
FN1,SDC3
FN1,CR1
FN1,ITGAX
FN1,NRXN1
FN1,GPC1
FN1,ITGB4
COL18A1,ITGA1
COL18A1,ITGA2
COL18A1,CD93
COL18A1,LRP2
COL18A1,CD44
COL18A1,ITGAV
COL18A1,LRP1
COL18A1,EGFR
HP,LRP1
HP,ITGAV
HP,ITGB3
HP,LRP6
HP,ITGB5
HP,LRP2
HP,ITGB1
HP,LDLR
RSPO1,ITGB1
RSPO1,TSHR
RSPO1,MTNR1A
RSPO1,ADRA2A
RSPO3,GRM7
ADAM15,EGFR
ADAM15,ITGB2
ADAM15,LRP1
ADAM15,ITGB5
ADAM15,ITGA4
ADAM15,ITGAM
ADAM15,ITGA3
CALM1,ITGA3
CALM1,SCN8A
CALM1,DYSF
CALM1,PLPP6
CALM1,PLD1
CALM1,ESR1
CALM1,TRPM3
CALM1,RYR1
CALM1,TRAF2
CALM1,ACVR2A
CALM1,TRPM2
CALM1,NPR3
CALM1,LDLR
CALM1,FLT4
CALM1,KDR
CALM1,ABCA1
CALM1,PHEX
CALM1,TFRC
CALM1,VLDLR
CALM1,CCR3
CALM1,CCR5
CALM1,SDC1
CALM1,LHCGR
CALM1,ITGB3
CALM1,ITGAV
CALM1,ACKR1
CALM1,SDC2
CALM1,DPP4
CALM1,CD44
CALM1,LRP2
CALM1,CXCR2
CALM1,LGR4
CALM1,ITGB1
CALM1,ITGB2
CALM1,ERBB4
CALM1,FGFR4
CALM1,FGFR1
CALM1,RAMP2
CALM1,TSHR
CALM1,ERBB2
CALM1,ADRB2
CALM1,RAMP3
CALM1,GPR20
CALM1,MTNR1A
CALM1,ADRA2A
COL9A1,ITGAV
COL9A1,ITGB3
COL9A1,ITGA1
COL9A1,ITGA2
GIP,CCR5
GIP,CXCR3
GIP,CRHR1
GIP,ACKR1
GIP,ACKR2
GIP,ADRA2A
GIP,MTNR1A
GIP,GRM7
APOA4,EGFR
APOA4,ITGB1
SEMA4F,ITGB1
SEMA4F,LRP1
SEMA4F,EGFR
SEMA4F,ITGB2
GAD1,ITGB1
ITIH2,ITGB1
NLGN3,LRP1
NLGN3,EGFR
NLGN3,ITGAV
CCL20,CCR5
CCL20,CCR3
CCL20,CCR1
CCL20,ADRB2
CCL20,ACKR2
CCL20,CCR2
FGF17,GRM7
PYY,ADRB2
PYY,GPR20
PYY,RAMP3
PYY,GPR84
PYY,TSHR
PYY,ADRB3
PYY,RAMP2
PYY,ADCYAP1R1
PYY,PTH1R
PYY,ACKR2
PYY,CCR3
PYY,CCR5
PYY,CXCR3
F8,ITGA1
F8,ITGAV
F8,ITGB1
F8,LRP2
F8,ITGB2
F8,EGFR
COL4A2,ITGB1
COL4A2,ITGAV
COL4A2,ITGA1
COL4A2,ITGA2
COL4A2,ITGA3
LAMC3,ITGA5
LAMC3,ITGAV
LAMC3,ITGB3
LAMC3,LRP6
LAMC3,LRP1
LAMC3,LRP2
LAMC3,ITGB5
LAMC3,EGFR
CCL28,PTH1R
CCL28,ADCYAP1R1
CCL28,ADRB3
CCL28,TSHR
CCL28,GPR84
CCL28,VIPR1
CCL28,GPR20
CCL28,ADRB2
CCL28,ACKR1
CCL28,DPP4
CCL28,CXCR3
CCL28,CCR1
CXCL9,CCR5
CXCL9,ACKR2
CXCL9,ADRB2
CXCL9,GPR20
CXCL9,GPR84
CXCL9,ADCYAP1R1
CXCL9,VIPR1
COL6A1,EGFR
COL6A1,ITGB3
COL6A1,ITGAV
COL6A1,LRP1
TGM2,ITGB5
TGM2,LRP2
TGM2,ITGAM
TGM2,LRP1
TGM2,ITGB2
TGM2,ITGAV
TGM2,ITGA3
CNTF,LDLR
CNTF,LRP1
AGT,LRP1
AGT,ITGB2
AGT,EGFR
DLL1,ITGB1
THBS2,LRP1
THBS2,LRP2
THBS2,ITGB5
THBS2,CD44
THBS2,ITGAM
THBS2,ITGAV
THBS2,EGFR
THBS2,ITGB2
THBS2,NOTCH1
THBS2,NOTCH2
THBS2,ITGA2B
THBS2,ITGA5
THBS2,ITGA1
THBS2,ITGA2
THBS2,ITGA3
THBS2,ITGA9
LEFTY2,ITGB1
TGFB2,ITGB1
TGFB2,ITGB5
TGFB2,LRP2
TGFB2,ITGB3
TGFB2,LRP1
TGFB2,EGFR
TGFB2,BMPR1B
TGFB2,BMPR1A
TGFB2,BMPR2
C4BPA,ITGAV
C4BPA,EGFR
C4BPA,ITGB2
C4BPA,ITGB3
C4BPA,LRP2
C4BPA,ITGB1
VIP,ITGB1
VIP,GRM7
VIP,MTNR1A
VIP,ADRA2A
VIP,CCR5
CFH,ITGAV
CFH,ITGA9
CFH,EGFR
PTGS2,ITGB1
XCL1,ADRA2A
XCL1,GRM7
XCL1,TSHR
CCN2,NOTCH1
CCN2,ITGB5
CCN2,LRP5
CCN2,ITGA9
CCN2,ITGAV
APOA2,GRM7
SEMA4A,ITGB2
SEMA4A,ITGAM
SEMA4A,ITGAV
SEMA4A,ITGB3
SEMA4A,LRP1
SEMA4A,ITGB1
EFNA1,ITGB1
EFNA1,LRP1
EFNA1,FGFR1
EFNA1,FGFR2
EFNA1,EPHB2
EFNA1,GRM7
EFNA1,ADRA2A
EFNA3,GRM7
EFNA3,EGFR
EFNA3,EPHB2
EFNA3,FGFR2
EFNA3,FGFR1
EFNA3,FGFR4
EFNA3,FGFR3
EFNA3,ITGB1
EFNA3,LRP2
ADAM12,LRP2
ADAM12,ITGB5
ADAM12,LRP1
ADAM12,ITGB3
ADAM12,ITGAV
ADAM12,ITGAM
ADAM12,ITGB2
ADAM12,EGFR
ADAM12,ITGA6
ADAM12,ITGA2
ADAM12,ITGA3
S100A8,GRM7
S100A8,ADRA2A
S100A8,TSHR
S100A9,ADRA2A
S100A9,GRM7
NGF,NRP1
NGF,EGFR
NGF,FGFR1
NGF,FGFR2
NGF,SDC2
NGF,CD44
L1CAM,ITGB5
L1CAM,LRP2
L1CAM,ITGB1
L1CAM,LRP1
L1CAM,ITGAM
L1CAM,ITGB3
L1CAM,ITGB2
L1CAM,NRP1
L1CAM,ITGA3
L1CAM,ITGA2
L1CAM,ITGA1
L1CAM,LDLR
COL11A1,ITGA1
COL11A1,ITGAV
COL11A1,ITGB3
CD40LG,ITGB1
CD40LG,EGFR
BMP5,EGFR
BMP5,ITGB1
BMP5,CD44
BMP5,ACVR2B
ITGB3BP,ITGB1
ITGB3BP,EGFR
GNAS,ADRA2A
GNAS,GRM7
GNAS,MTNR1A
GNAS,ADCYAP1R1
GNAS,GPR84
GNAS,GPR20
GNAS,ADRB2
GNAS,ITGAM
GNAS,TLR4
GNAS,CD47
GNAS,ITGA5
GNAS,ITGA1
GNAS,ITGA2
GNAS,ITGA3
GNAS,SCTR
ANGPTL3,LRP1
ANGPTL3,LRP2
ANGPTL3,EGFR
COL5A1,ITGB3
COL5A1,ITGA2
COL5A1,ITGAV
COL5A1,DDR1
SFTPD,ITGB1
MMP9,ITGB1
MMP9,ITGB5
MMP9,ITGB3
MMP9,EGFR
MMP9,NRP1
MMP9,LDLR
MMP9,ITGAV
MMP9,ITGA2
EDN2,ADRA2A
EDN2,MTNR1A
EDN2,GRM7
EDN2,TSHR
EDN2,VIPR1
SPTAN1,ITGB1
PLAU,CD44
PLAU,ITGA4
PLAU,ITGB3
PLAU,LRP6
PLAU,LRP5
PLAU,ERBB2
PLAU,NOTCH1
PLAU,NOTCH2
PLAU,EGFR
PLAU,ITGA2
PLAU,ITGA1
PLAU,LDLR
PLAU,ERBB3
PLAU,BMPR2
PLAU,ITGA9
BMP8B,ACVR2A
BMP8B,ACVR2B
BMP8B,ACVR1
BMP8B,ITGB1
ANGPTL2,LRP1
ANGPTL2,EGFR
GHRH,GRM7
GHRH,MTNR1A
GHRH,ADRA2A
GHRH,DPP4
GHRH,ACKR2
GHRH,CXCR3
GHRH,CCR3
COL16A1,ITGA2
COL16A1,ITGA1
COL16A1,ITGAV
COL16A1,ITGB3
GDF5,ITGB3
GDF5,LRP1
GDF5,ITGB1
GDF5,CD44
GDF5,ITGB5
GDF5,LRP2
GDF5,EGFR
GDF5,ITGB2
EDA,EGFR
EDA,CD44
EDA,ITGB1
HSPG2,CD44
HSPG2,ITGA4
HSPG2,ITGB5
HSPG2,ITGB3
HSPG2,ITGAV
HSPG2,ITGAM
HSPG2,EGFR
HSPG2,ITGA1
HSPG2,ITGA6
HSPG2,ITGA5
HSPG2,LDLR
HSPG2,ITGA9
HSPG2,ITGA3
COL5A2,CD93
COL5A2,ITGA2
COL5A2,ITGB3
F10,ITGB3
F10,ITGB1
F10,EGFR
SYK,EGFR
SYK,ITGB1
COL4A1,ITGB5
COL4A1,ITGB3
COL4A1,ITGA3
FGF14,EGFR
HLA-C,EGFR
HLA-C,ERBB2
HLA-C,LRP1
HLA-C,LRP2
HLA-C,ITGB1
HLA-C,KLRD1
HLA-C,KIR2DL4
HLA-C,KIR3DL2
ANXA1,LRP2
ANXA1,LRP1
ANXA1,ADRB2
CORT,ADRB2
CORT,GPR20
CORT,RAMP3
CORT,TSHR
CORT,ADRB3
CORT,VIPR1
CORT,ADCYAP1R1
CORT,PTH1R
CORT,ACKR2
CORT,CCR2
CORT,CCR5
CORT,CXCR3
ACTR2,LRP1
ACTR2,ITGB1
NDP,ADRB2
NDP,ADRA2A
NDP,MTNR1A
NDP,GRM7
CCL7,MTNR1A
CCL7,ADRA2A
CCL7,CCR4
GDF9,LRP1
GDF9,ITGB1
GDF9,CD44
GDF9,ACVR2B
BMP2,CD44
BMP2,ITGB1
BMP2,ITGAV
BMP2,LRP6
BMP2,EGFR
AGRN,ITGB2
AGRN,LRP6
AGRN,LRP5
AGRN,ITGAV
AGRN,ITGB3
AGRN,CD44
AGRN,ITGA4
AGRN,ITGB5
AGRN,ITGA5
AGRN,LDLR
AGRN,ITGA2
AGRN,ITGA6
AGRN,ITGA1
AGRN,ITGA9
AGRN,ITGB4
AGRN,ITGA3
INSL3,ADRA2A
INSL3,MTNR1A
INSL3,GRM7
AVP,GRM7
AVP,MTNR1A
AVP,ADRA2A
AVP,ITGB2
AVP,ITGB1
AVP,LRP6
AVP,LRP1
UCN3,VIPR1
UCN3,RAMP2
UCN3,TSHR
UCN3,MTNR1A
COL2A1,EGFR
COL2A1,ITGAV
COL2A1,ITGA3
COL2A1,CD93
RLN2,CXCR3
RLN2,DPP4
RLN2,ACKR2
RLN2,MTNR1A
RLN2,GRM7
RLN2,ADRA2A
ZG16B,EGFR
SEMA5A,EGFR
SEMA5A,LRP1
SEMA5A,ITGAV
SEMA5A,LRP2
RPH3A,ITGB1
RPH3A,ITGB3
RPH3A,LRP1
RPH3A,EGFR
RPH3A,ITGB2
RPH3A,ITGAV
LAMA1,SDC1
LAMA1,ITGA5
LAMA1,ITGA2B
LAMA1,LDLR
LAMA1,ERBB3
LAMA1,VLDLR
LAMA1,ITGA9
LAMA1,ITGB2
LAMA1,MET
LAMA1,NOTCH2
LAMA1,NOTCH1
LAMA1,EGFR
LAMA1,LRP1
LAMA1,ITGAV
LAMA1,ITGB6
LAMA1,ITGB3
LAMA1,LRP6
LAMA1,ITGAM
LAMA1,LRP5
LAMA1,LRP2
LAMA1,ITGB5
CCL25,GPR84
CCL25,TSHR
CCL25,ADRB3
CCL25,ADRB2
CCL25,GPR20
CCL25,PTH1R
CCL25,CXCR3
CCL25,CCR5
CCL25,CCR3
LAMB3,ITGA1
LAMB3,ITGAV
LAMB3,ITGA5
LAMB3,LDLR
LAMB3,EGFR
LAMB3,NRP1
LAMB3,ITGB5
LAMB3,LRP2
LAMB3,LRP5
LAMB3,LRP6
LAMB3,ITGAM
LAMB3,ITGB3
LAMB3,LRP1
AFDN,LRP1
AFDN,ITGB3
AFDN,LRP6
AFDN,LRP2
AFDN,ITGB5
AFDN,CD44
AFDN,PLXNA1
AFDN,NRP1
AFDN,EGFR
AFDN,ERBB4
AFDN,ERBB2
AFDN,ITGA5
AFDN,ERBB3
AFDN,TLR4
AFDN,ABCA1
AFDN,ITGAV
AFDN,ITGA1
AFDN,SDC1
AFDN,ITGA2
AFDN,ITGB4
AFDN,ITGA3
AFDN,PLXNA2
AFDN,INSR
AFDN,NRXN1
CSH2,GHR
IL1F10,ADRA2A
IL1F10,GRM7
IL1F10,MTNR1A
CCL8,MTNR1A
CCL8,CCR4
CCL8,CXCR3
COL4A6,ITGA3
COL4A6,ITGB3
CCL26,ACKR2
CCL26,MTNR1A
CCL26,GRM7
CCL26,ADRA2A
CCL26,TSHR
CCL26,CXCR3
CCL26,CCR5
SPP1,ITGA2
SPP1,LDLR
SPP1,TSHR
SPP1,ITGB2
SPP1,GRM7
SPP1,EGFR
SPP1,ITGAM
SPP1,LRP2
LGALS9,ITGB1
LGALS9,EGFR
ADM2,GRM7
ADM2,MTNR1A
ADM2,ADRA2A
CXCL12,ADCYAP1R1
CXCL12,RAMP2
CXCL12,VIPR1
CXCL12,TSHR
CXCL12,ADRB3
CXCL12,GPR20
CXCL12,RAMP3
CXCL12,ADRB2
CXCL12,CXCR2
CXCL12,ACKR2
CXCL12,ACKR1
CXCL12,CCR8
CXCL12,CCR2
CXCL12,ACKR4
CXCL12,CCR5
CXCL12,CCR1
BMP7,ACVR1B
BMP7,CD44
BMP7,ITGB1
COL4A4,ITGB5
COL4A4,ITGA3
HLA-A,KLRD1
HLA-A,LRP2
HLA-A,LRP1
CNTN4,ITGB1
PDCD1LG2,EGFR
NPS,MTNR1A
NPS,GRM7
NPS,CCR2
NPS,CCR4
NPS,CCR8
NPS,ACKR1
NPS,ACKR2
NPS,CXCR3
NPS,CCR1
NPS,CCR5
NPS,CCR3
TNFSF11,ITGB1
DSCAM,ITGB1
DSCAM,LRP2
DSCAM,LRP1
DSCAM,ITGB3
DSCAM,EGFR
POMC,EGFR
POMC,FGFR2
POMC,FGFR4
POMC,FGFR1
POMC,FGFR3
POMC,ITGB3
POMC,LRP2
POMC,CXCR2
POMC,ITGB1
POMC,CCR5
POMC,CXCR3
POMC,CALCR
FBLN2,ITGB1
FBLN2,ITGB5
FBLN2,LRP1
FBLN2,ITGB2
FBLN2,EGFR
NPY,VIPR1
NPY,RAMP2
NPY,ADCYAP1R1
NPY,ADRB2
NPY,RAMP3
NPY,GPR20
NPY,GPR84
NPY,TSHR
NPY,CXCR3
NPY,CCR3
NXPH1,EGFR
SAA1,TSHR
SAA1,GPR20
SAA1,RAMP3
SAA1,ADRB3
SAA1,ADCYAP1R1
SAA1,PTH1R
SAA1,RAMP2
SAA1,VIPR1
MDK,VIPR1
MDK,ADRB2
MDK,GPR20
MDK,GPR84
MDK,TSHR
MDK,EGFR
MDK,GRM7
MDK,MTNR1A
MDK,ADRA2A
MDK,NRP1
MDK,ITGB3
MDK,LRP6
MDK,ITGAV
MDK,LDLR
TF,LRP6
TF,ITGB3
TF,LRP1
TF,ITGB1
TF,EGFR
TF,ITGB2
GCG,ADRA2A
GCG,MTNR1A
GCG,GRM7
GCG,CCR5
GCG,CRHR1
PTPN6,CD44
C4A,CD46
NTF3,ITGB1
NTF3,ITGB3
NTF3,GRM7
NTF3,ADRA2A
RLN3,ACKR2
RLN3,ACKR1
RLN3,ITGB1
RLN3,CCR5
RLN3,CCR3
RLN3,CXCR3
TNF,LDLR
TNF,VLDLR
TNF,ERBB3
TNF,NGFR
TNF,ITGB1
TNF,CD44
TNF,NOTCH3
TNF,LRP1
TNF,ADRA2A
TNF,GRM7
TNF,MTNR1A
TNF,EGFR
TNF,ERBB4
TNF,FGFR3
TNF,FGFR1
TNF,FGFR2
TNF,ERBB2
TNF,NOTCH2
TNF,ADRB2
CCN1,NOTCH1
CCN1,EGFR
CCN1,LRP1
CCN1,LRP6
CCN1,LRP2
CCN1,ITGB1
HLA-B,KIR2DL1
HLA-B,KIR2DL4
LAMA2,ITGA9
LAMA2,SDC4
LAMA2,LDLR
LAMA2,ITGA2B
LAMA2,ITGA5
LAMA2,ITGAV
LAMA2,SDC1
LAMA2,LRP2
LAMA2,ITGB5
LAMA2,LRP6
LAMA2,ITGB3
LAMA2,LRP1
LAMA2,SDC2
LAMA2,EGFR
LAMA2,ITGB2
CCL24,ADRB2
CCL24,MTNR1A
CCL24,GRM7
CCL24,ADRA2A
CCL24,CCR5
CCL24,CCR1
HRAS,TLR4
HRAS,ADRA2A
HRAS,GRM7
HRAS,MTNR1A
HRAS,ADRB2
HRAS,TSHR
HRAS,ITGB1
GDNF,ITGB1
GDNF,ADRB2
GDNF,GRM7
GDNF,EGFR
HLA-G,KLRK1
HLA-G,LILRA1
HLA-G,KIR2DL3
HLA-G,KIR3DL2
HLA-G,KIR2DL1
HLA-G,KLRC2
EFNA4,EGFR
EFNA4,GRM7
EFNA4,FGFR2
EFNA4,FGFR1
EFNA4,ITGB1
ICAM2,ITGB1
ICAM2,LRP2
ICAM2,LRP1
ICAM2,EGFR
FSHB,GRM7
FSHB,ADRA2A
FSHB,MTNR1A
FSHB,CCR5
FSHB,CCR3
RARRES2,MTNR1A
RARRES2,GRM7
LRPAP1,EGFR
LRPAP1,ITGB3
LRPAP1,ITGB5
LRPAP1,ITGB1
LRPAP1,ITGAV
HSPA8,ITGB1
HSPA8,LRP1
HSPA8,EGFR
CALCB,GRM7
CALCB,MTNR1A
CALCB,ADRA2A
ADM,ADRA2A
ADM,GRM7
ADM,CCR3
ADM,CCR5
PTHLH,GRM7
PTHLH,ADRA2A
PTHLH,MTNR1A
ADCYAP1,MTNR1A
ADCYAP1,ADRA2A
ADCYAP1,GRM7
CGA,EGFR
CGA,ADRA2A
CGA,MTNR1A
CGA,GRM7
CGA,ITGB1
S100A10,EGFR
SHANK2,EGFR
SHANK2,ITGA2
SHANK2,ITGA1
LGALS8,EGFR
RELN,EGFR
RELN,ITGB2
RELN,ITGB5
RELN,LRP2
RELN,LRP1
RELN,ITGB3
RELN,ITGA1
RELN,ITGA6
RELN,ITGAV
RELN,ITGA2
RELN,LDLR
LAMB2,ITGA6
LAMB2,ITGA1
LAMB2,ITGB3
LAMB2,LRP6
LAMB2,LRP1
LAMB2,LRP2
LAMB2,ITGB5
LAMB2,ITGB2
LAMB2,EGFR
ADAM9,EGFR
ADAM9,ITGB2
ADAM9,LRP2
ADAM9,LRP1
ADAM9,ITGAM
ADAM9,ITGB3
ADAM9,ITGA2
ADAM9,ITGA9
S100A4,GRM7
S100A4,MTNR1A
CPAMD8,EGFR
CPAMD8,ITGB1
TNFSF13B,ITGB1
TNFSF13B,LRP1
TNFSF13B,EGFR
TNFSF13B,ITGB2
CALML3,ADRB2
CALML3,EGFR
BDNF,GRM7
BDNF,ADRA2A
BDNF,ITGB1
FGF1,ITGB1
FGF1,LRP2
FGF1,LRP1
FGF1,ITGB3
FGF1,GRM7
FAM3C,GRM7
MLN,GRM7
MLN,MTNR1A
MLN,ADRA2A
MLN,ADRB3
MLN,GPR20
RIMS1,EGFR
RIMS1,ABCA1
C1QB,EGFR
C1QB,ITGB1
GNRH1,GRM7
GNRH1,MTNR1A
GNRH1,ADRA2A
IL22,GRM7
IL22,IFNAR2
IL33,ITGB1
KISS1,MTNR1A
KISS1,ADRB3
KISS1,TSHR
PODXL2,EGFR
CD34,EGFR
CD34,ITGB1
GDF2,LRP2
GDF2,CD44
GDF2,EGFR
GDF2,BMPR1A
GDF2,BMPR1B
CD55,EGFR
CD55,ITGB1
CD55,LRP1
GPC3,ITGB1
GPC3,EGFR
GPC3,ITGB2
GPC3,LDLR
PDGFB,EGFR
PDGFB,GRM7
PDGFB,ITGB1
PDGFB,LRP2
PDGFB,ITGB3
PDGFB,LRP6
A2M,LRP2
A2M,ITGB1
A2M,EGFR
A2M,ITGB2
SERPINE2,LRP2
MMP13,ITGB1
FCN2,ITGB1
FCN2,LRP2
HPX,LRP2
HPX,ITGB1
HPX,EGFR
LIPC,ITGB1
LIPC,LRP2
PSAP,LRP2
PSAP,ITGB1
ASIP,EGFR
ASIP,GRM7
ASIP,MTNR1A
ASIP,ADRA2A
ASIP,VIPR1
ASIP,RAMP2
ASIP,PTH1R
ASIP,ADCYAP1R1
ASIP,TSHR
ASIP,GPR84
ASIP,ADRB2
ASIP,GPR20
ASIP,RAMP3
MBL2,ITGB1
C1QA,EGFR
GSTP1,ITGB1
GALP,GRM7
GALP,ADRA2A
GALP,GPR20
GALP,ADRB2
GALP,GPR84
NTNG2,EGFR
CCL5,GPR84
CCL5,TSHR
CCL5,ADRB2
CCL5,ADRB3
CCL5,GPR20
CCL5,RAMP3
CCL5,ADCYAP1R1
CCL5,PTH1R
CCL5,RAMP2
CCL5,VIPR1
CCL5,CXCR4
CCL5,CXCR2
CCL5,CCR2
CCL5,CCR8
CCL5,DPP4
GUCA2B,GRM7
NMS,PTH1R
NMS,ADCYAP1R1
NMS,GPR20
NMS,ADRB2
NMS,TSHR
NMS,GPR84
ARF1,EGFR
VEGFC,EGFR
VEGFC,NRP1
VEGFC,ERBB2
VEGFC,NOTCH1
VEGFC,ITGB2
VEGFC,ERBB4
VEGFC,LRP1
VEGFC,LRP6
VEGFC,ITGAM
VEGFC,LRP5
VEGFC,ITGB3
VEGFC,ITGB5
VEGFC,CD44
VEGFC,LRP2
VEGFC,LDLR
VEGFC,ERBB3
VEGFC,ITGA1
VEGFC,BMPR1B
VEGFC,ITGA3
DLK1,EGFR
MFNG,ITGB1
CCL16,ACKR2
CCL16,DPP4
CCL16,ACKR1
CCL16,CCR4
CCL16,ADCYAP1R1
CCL16,VIPR1
CCL16,RAMP2
CCL16,GPR84
CCL16,TSHR
CCL16,CCR3
CCL16,CXCR3
DSC3,EGFR
DSC3,ITGB1
DSC2,EGFR
PDGFC,EGFR
PDGFC,LRP1
PDGFD,EGFR
PDGFA,GRM7
FGF21,ITGB1
NMB,GRM7
NMB,ADRA2A
NMB,MTNR1A
B2M,MTNR1A
B2M,ADRA2A
B2M,GRM7
B2M,TSHR
B2M,RAMP3
B2M,GPR20
B2M,RAMP2
B2M,VIPR1
B2M,ADCYAP1R1
B2M,PTH1R
B2M,ITGB1
B2M,LRP2
B2M,SDC2
B2M,IL2RG
B2M,SDC4
B2M,SDC1
SFTPA1,ITGB1
CCN6,LRP2
CCN6,LRP1
CCN6,EGFR
EDIL3,EGFR
EDIL3,ITGB2
EDIL3,LRP1
EDIL3,ITGB3
EDIL3,LRP2
EDIL3,ITGB1
AZGP1,ITGB1
VEGFA,LRP2
VEGFA,LRP5
VEGFA,ITGAM
VEGFA,LRP6
VEGFA,LRP1
VEGFA,ITGB2
VEGFA,ERBB4
VEGFA,FGFR2
VEGFA,FGFR3
VEGFA,TSHR
VEGFA,ERBB2
VEGFA,GRM7
VEGFA,ADRA2A
VEGFA,MTNR1A
VEGFA,ITGA1
VEGFA,ITGA2
VEGFA,ITGA5
VEGFA,ITGA3
VEGFA,INSR
WNT9B,LRP1
WNT9B,LRP2
DKK1,LRP1
DKK1,EGFR
HSPA1A,ADRB2
GAS6,EGFR
GAS6,LRP1
PROS1,LRP1
PROS1,LRP2
PROS1,ITGB1
PROS1,EGFR
ALB,EGFR
ALB,LRP1
INS,GRM7
INS,MTNR1A
INS,ADRA2A
CUBN,EGFR
CUBN,ITGB2
CUBN,LRP1
CUBN,ITGB3
CUBN,ITGB1
CUBN,ITGA2
CUBN,ITGAV
SCGB1A1,CXCR3
SCGB1A1,CCR3
SCGB1A1,ACKR1
SCGB1A1,ACKR2
SCGB1A1,GRM7
SCGB1A1,ADRA2A
SCGB1A1,MTNR1A
LCN2,LRP1
NRG1,LRP1
NRG1,ITGAM
NRG1,LRP2
NRG1,CD44
NRG1,ITGAV
SERPINC1,ITGB1
SERPINC1,EGFR
SLIT2,EGFR
SLIT2,CD44
SLIT2,ITGA5
SLIT2,ITGA3
NPPC,GRM7
NPPC,MTNR1A
NPPC,ADRA2A
NPPB,GRM7
NPPB,TSHR
NPPA,GRM7
NPPA,MTNR1A
SEMA3B,EGFR
SEMA3B,ITGB1
SEMA3B,LRP2
SEMA3B,ITGB3
SEMA3B,LRP1
SEMA3B,ITGAV
PGF,LRP1
PGF,LRP6
PGF,LRP2
PGF,EGFR
PGF,GRM7
NCAM1,GRM7
NCAM1,EGFR
NCAM1,ERBB2
NCAM1,NOTCH1
NCAM1,NOTCH2
NCAM1,ITGB2
NCAM1,MET
NCAM1,FGFR3
NCAM1,LRP2
NCAM1,ITGB1
NCAM1,ITGA4
NCAM1,CD44
NCAM1,ITGB5
NCAM1,ITGAM
NCAM1,ITGB3
NCAM1,LRP1
NCAM1,SDC2
NCAM1,ITGAV
NCAM1,ITGA1
NCAM1,ITGA2
NCAM1,LDLR
NCAM1,ERBB3
NCAM1,VLDLR
NCAM1,BMPR2
NCAM1,ITGA3
NCAM1,ITGA9
NCAM1,NRXN1
NRG3,LRP1
NRG3,ITGB3
NRG3,ITGB1
NRG3,LRP2
NRG3,EGFR
AREG,GRM7
AREG,ERBB2
AREG,LRP1
NRG2,LRP2
NRG2,ITGB1
NRG2,ITGB5
NRG2,ITGB2
NRG2,EGFR
BTC,LRP1
IGF2,LRP1
IGF2,ITGB1
IGF2,GRM7
IGF2,ADRA2A
SEMA4D,PLXNA1
SEMA4D,NRP1
SEMA4D,EGFR
SEMA4D,ITGB1
SEMA4D,CD44
SEMA4D,ITGAM
SEMA4D,ERBB3
SEMA4D,ITGAV
ZP3,ITGB1
FGL1,ITGB1
LRIG2,ITGB1
LRIG2,LRP1
DLK2,NOTCH2
DLK2,EGFR
RBP3,EGFR
RBP3,NOTCH2
RBP3,LRP2
SPINT1,ITGB1
SPINT1,LRP1
SPINT1,ITGB2
SPINT1,EGFR
CXCL2,ACKR1
PPY,CCR8
PPY,ACKR2
PPY,CCR2
PPY,PTH1R
PPY,ADCYAP1R1
PPY,TSHR
PPY,ADRB2
PPY,ADRB3
PPY,RAMP3
PPY,GPR20
PPY,CCR3
PPY,CXCR3
SORBS1,ITGA2
SORBS1,ITGB3
SORBS1,ITGB1
SORBS1,LRP2
SORBS1,CD44
MATN1,LRP2
MATN1,ITGB1
MATN1,LRP1
IL25,EGFR
DEFB106A,MTNR1A
CCL14,MTNR1A
CCL14,ADRA2A
CCL14,GRM7
CCL14,GPR20
CCL14,CCR2
CCL14,CCR4
CCL14,CXCR3
CCL3,CXCR3
CCL3,CCR2
CCL3,CCR8
CCL3,GPR20
CCL3,ADRB2
CCL3,GPR84
CCL3,TSHR
CCL3,GRM7
CCL3,ADRA2A
CCL3,MTNR1A
CCL3L3,MTNR1A
CCL3L3,ADRA2A
CCL3L3,GRM7
CCL3L3,TSHR
CCL3L3,ADRB2
CCL3L3,GPR20
CCL3L3,ACKR1
CCL3L3,CCR8
CCL3L3,CCR2
CCL3L3,CCR4
CCL3L3,CXCR3
CCL3L3,CCR3
CCL3L3,CCR1
CCL4,CXCR3
CCL4,CCR4
CCL4,CCR2
CCL4,GPR20
CCL4,TSHR
CCL4,GPR84
CCL4,GRM7
CCL4,MTNR1A
FGF12,EGFR
ANGPT1,EGFR
ANGPT1,ITGB2
ANGPT1,LRP1
ANGPT1,ITGB3
ANGPT1,LRP2
ANGPT1,CD44
ANGPT1,ITGAV
WNT8A,LRP6
WNT8B,LRP6
WNT8B,LRP1
CCK,PTH1R
CCK,ADRB3
CCK,GRM7
CCK,ADRA2A
IL17A,EGFR
IL17F,EGFR
CCL15,GRM7
CCL15,MTNR1A
CCL15,ACKR2
CCL15,CCR5
CCL23,CCR5
CCL23,CCR3
CCL23,CXCR3
CCL23,ACKR1
CCL23,MTNR1A
CCL23,GRM7
CCL18,GRM7
CCL18,MTNR1A
CCL18,ADRA2A
CCL18,ACKR2
CCL18,CCR2
CCL18,CCR4
CCL18,CXCR3
CCL18,CCR5
LTBP3,LRP1
LTBP3,ITGB3
LTBP3,ITGB1
LTBP3,EGFR
LTBP3,ITGB2
LTBP1,ITGB2
LTBP1,EGFR
LTBP1,ITGB1
LTBP1,LRP2
LTBP1,ITGB3
LTBP1,LRP1
CHAD,LRP1
CHAD,LRP2
CHAD,EGFR
FAT4,ITGB1
FAT4,LRP1
FAT4,ITGA2
TAC3,GRM7
TAC3,PTH1R
TAC3,ADRB2
ACE2,LRP1
ACE2,ITGB1
ACE2,LRP2
CD6,ITGB1
CD6,EGFR
TSLP,GRM7
CER1,EGFR
CER1,LRP1
XCL2,GRM7
XCL2,ADRA2A
XCL2,ADGRV1
C4B,C3AR1
C4B,C5AR2
EDN1,MTNR1A
EDN1,GRM7
EDN1,TSHR
ICOSLG,EGFR
PTMA,MTNR1A
IL6,GRM7
IL6,ITGB1
F7,ITGB1
RGMA,ITGB1
RGMA,LRP2
RGMA,CD44
RGMA,LRP1
RGMA,EGFR
RGMA,ITGB2
RGMA,BMPR1A
MMP12,LRP1
MMP12,ITGB1
WNT5B,LRP6
PIGA,EGFR
CD58,EGFR
ANGPT4,EGFR
ANGPT4,LRP1
ANGPT4,ITGB1
ALOX5AP,EGFR
COLQ,ITGB1
PLTP,ITGB1
PLTP,LRP2
PLTP,LRP1
NPNT,LRP1
NPNT,ITGAM
NPNT,ITGB3
NPNT,EGFR
NPNT,ITGB2
NPNT,ITGAV
NPNT,ITGA3
APOC1,GRM7
APOC1,ADRA2A
APOC1,MTNR1A
QRFP,GRM7
DSPP,ITGB3
SPON2,LRP1
SPON2,EGFR
SYTL3,EGFR
PRG4,ITGB1
VIM,LRP2
VIM,LRP1
CXCL17,MTNR1A
GDF10,LRP1
GDF10,LRP2
GDF10,ITGB1
GDF10,BMPR2
GDF10,ACVR2B
APELA,MTNR1A
APELA,GRM7
